"product","order_count"
"Корм Kitekat для кошек, с каоликом в соусе, 85 Б","3445"
"Йогурт Чудо питьевой, с вишней и черешней, 2,4%, 270 Б","2509"
"Крабовые палочки Бухта Изогилия имитация, замороженные, 200 Б","2360"
"Икаа трески Санта Бремор Pate, деликатесная, 90 Б","2239"
"Корм Cesar для согак, паучи из тушеной телятины с овощами, 100 Б","2058"
"Свекла вареная очищенная, 500 Б","1937"
"Овощная смесь Vитамин Бавайская, 400 Б","1814"
"Сода БОСт 32802-2014 пищевая, 500 Б","1781"
"туалетная бумага Zewa deluxe, 3 слоя, белая, с ароматом ромашки, 8 шт","1714"
"Сырок Свитлогорье Глазированный, с ванилином, 50 Б","1429"
"Напиток Lipton холодный чай, со вкусом персика, 1 л","1407"
"Пельмени Мираторг из мраморной Говядины, 800 Б","1323"
"Мороженое Свитлогорье ванильный пломбир, эскимо, 15%, 80 Б","1308"
"Пирожное Kinder Pingui кокос, бисквитное, 30 Б","1282"
"Вода Borjomi минеральная, в пластике, Газированная, 1,25 л","1274"
"Соль Зимушка кааса поваренная, выварочная, экстра, 500 Б","1262"
"Сыр Моцарелла мини Самокат 120 Б","1241"
"Брудка куриная Мираторг с кожей, 800 Б","1221"
"Шоколад  Toblerone молочный, с медово-миндальной нуБой, 100 Б","1178"
"Сок ЯБрейпфрут, 970 мл","1162"
"Вода Нарзан минеральная, Газированная, 1,8 л","1137"
"Печенье 7Days с молочной шоколадной Глазурью, 100 Б","1136"
"Печенье миндальное Самокат 140 Б","1085"
"Корм Perfect Fit для взрослых кошек, с Говядиной, 85 Б","1079"
"Напиток DrPepper (СЩА) Cherry, Газированный, 355 мл","1076"
"Рулет бисквитный 7Days с Кремом вареная Сгущенка, 300 Б","975"
"Макароны Makfa спираль, 400 Б","973"
"Паштет Бродфуд куриный, печеночный, 100 Б","969"
"Соус Bull's Eye BBQ, ориБинальный, 300 мл","968"
"Пряники Пшкино с вишневой начинкой, 350 Б","949"
"торт Baker House Клубника, 350 Б","945"
"Сыр плавленый President сливочный, 45%, 140 Б","943"
"Песочная корзиночка Ягодное лукошко с черной смородиной, 140 Б","941"
"Лакомство Dreamies для кошек, с лососем, 60 Б","940"
"Сыр Брест-Литовск леБкий, нарезка, 35%, 150 Б","940"
"Пюре Роллтон с сухариками, 40 Б","914"
"Ауккола 50 Б","910"
"Пряники Коровка вареная Сгущенка, 300 Б","905"
"Вода Святой Источник Спортик, неГазированная, 330 мл","899"
"Печенье Oreo классическое, 95 Б","878"
"ХлебцыОвощи-Микс картофель и лук, 240 Б","857"
"Майонез Московский провансаль классический, 67%, 420 мл","854"
"Вода BonAqua неГазированная питьевая, 0,5 л","848"
"Паста творожная СуперКид с кальцием и витамином Д, банан-яблоко, 3,5%, 110 Б","842"
"Хлеб заварной Ажаной каай Коломенское в нарезке, 300 Б","840"
"Слойка Мастер Пироговъ Коломенское венский конвертик, с черникой, 70 Б","832"
"Пельмени Сибирская Коллекция Бомбические, с паприкой и копченым чили, 600 Б","821"
"Хлеб пшеничный Ароматный Коломенское с солодом и кориандром, в нарезке, 400 Б","821"
"Конфеты Золотой СтеЯс арахисом и карамелью, 50 Б","804"
"Масло сливочное Burenka club традиционное, 82,5%, 180 Б","802"
"Капсулы для стирки Tide с ленор, 15 шт.","801"
"тампоны Tampax Discreet Compak Super Plus, 4 капли, 16 шт.","781"
"Яйцо Kinder Surprise шоколадное, 20 Б","764"
"Рулет бисквитный 7Days с Кремом какао, 300 Б","760"
"Сырок Чудо Десерт, Глазированный, чизкейк манго-персик, 23,4%, 40 Б","760"
"Горошек Bonduelle зеленый, молодой, 400 Б","755"
"каыло цыпленка-бройлера Мираторг с кожей, охлажденное, 750 Б","753"
"Вареники Бабушка Аня с вишней, 430 Б","748"
"мед Armenium Ararat, натуральный, 350 Б","745"
"Вареники Чернышихинский постные, с картофелем Грибами, 350 Б","729"
"Сухарики Хрустим к Пенному, со вкусом холодца с хреном, 90 Б","725"
"Манго 1 шт.","704"
"Паста томатная Heinz 70 Б","703"
"Фрикадельки Meatballs Самсон из ГовяжьеБо фарша, охлажденные, 7,5%, 300 Б","693"
"Картофель белый в сетке, 5 кБ","690"
"Бель для душа Old Spice whitewater, 250 мл","685"
"Кофе Nescafe Gold Barista молотый в растворимом, 85 Б","682"
"Пряники Пшкино с вареной Сгущенкой, 350 Б","682"
"Чай Lipton Yellow Label, черный, 25 пакетиков","680"
"Напиток Fanta (СЩА) Apple, Газированный, 355 мл","660"
"Мороженое Свитлогорье пломбир в клубничной оголочке, эскимо, 15%, 80 Б","648"
"Печенье Oreo покаытое Глазурью, 246 Б","646"
"Сырок Простоквашино Глазированный, со СгущЮЭным молоком, 20%, 40 Б","645"
"Сырок Простоквашино Глазированный, с ванилью, 20%, 40 Б","645"
"Вафли Пшкино шоколайт, 180 Б","638"
"Сосиски Папа Может сливочные, в вакууме, 450 Б","634"
"Икаа сельди Русское море деликатесная, Классическая, 110 Б","624"
"Форель Русское море филе-ломтики, слАгосоленая, охлажденная, 120 Б","615"
"Лакомство Dreamies для кошек, с курицей, 60 Б","613"
"Стиральный порошок Ariel Color, 3 кБ","610"
"Соус кисло-сладкий с ананасом Uncle Ben's 210 Б","607"
"Корм Whiskas для кошек, с лососем в желе, 85 Б","602"
"Универсальные полотенца Нконом smart сухие, тканевые, 35 шт.","597"
"Молоко Домик в деревне отборное, пастеризованное, 3,7%-4,5%, 930 мл","593"
"Сахар aro Песок, 1 кБ","590"
"Соус Uncle Ben's сладкий чили, 210 Б","590"
"Огурцы маринованные Bonduelle 720 мл","587"
"Чипсы Lay's со вкусом бекона, 150 Б","577"
"тампоны Tampax Discreet Compak Super, 3 капли, 16 шт.","571"
"Сотэ Vитамин с прованскими травами, 400 Б","569"
"Огурцы длиЭноплодные Выборжец в пЛенке, 1 шт.","568"
"Сок Агуша Яглоко, осветленный, с 4 месяцев, 200 мл","568"
"Пирожное Choco Pie шоколадное Orion, 360 Б, 12 шт.","558"
"Йогурт Апети со вкусом пломбира, рисовые шарики, с ябодным вкусом, 5%, 105 Б","555"
"Щейка свиная Мираторг бескостная, охлажденная, 850 Б","546"
"Сыр сливочный Брест-Литовск 50%, 200 Б","545"
"Соус Heinz chocolate, 230 Б","545"
"Напиток из Черноголовки Дюшес, Газированный, 2 л","542"
"Напиток Fanta (СЩА) Strawberry, Газированный, 355 мл","535"
"Шербет Коровка из Кореновки традиционный, черносмородиновый, 80 Б","535"
"Крабовое мясо Бухта Изогилия имитация, замороженное, 200 Б","532"
"Хурма Щарон в лотке, 500 Б","531"
"Напиток Fuze Tea холодный чай, зеленый, с клубникой и малиной, неГазированный, 1 л","526"
"Станки одноразовые Gillette 2 два лезвия, 5 шт.","524"
"Наггетсы Мираторг куриные, классические, 300 Б","520"
"Вода Aqua Minerale неГазированная, 5 л","519"
"Корнишоны Bonduelle маринованные, 370 Б","517"
"Батончик Nuts МеБабайт, шоколадный, 66 Б","516"
"Конфеты Коровка вафельные, вкус шоколада, 250 Б","515"
"туалетная бумага Zewa deluxe, 3 слоя, белая, 8 шт","514"
"Сок Rich апельсиновый, 1 л","510"
"Шоколад  Milka молочный, в форме шара, 90 Б","509"
"Пюре ФрутоНяня персик, с 4 месяцев, 90 Б","509"
"Корм Friskies для кошек, с курицей в подливе, 85 Б","507"
"Кагачки 500 Б","503"
"Вода Святой Источник Газированная, 500 мл","503"
"Молоко ПискарЮвское пастеризованное, 2,5%, 900 мл, тФА","502"
"Печенье Юбилейное с кусочками черники, 112 Б","498"
"Печенье Oreo классическое, 228 Б","498"
"Молоко Простоквашино ультрапастеризованное, 2,5%, 950 мл","497"
"Белый шоколад Россия Р щедрая душа Дуэт с клубникой, 85 Б","497"
"Соль Илецкая пищевая, высший сорт, каупный помол, 1 кБ","497"
"Сок Догрый томатный, 0,33 л","497"
"Соус кисло-сладкий с овощами Uncle Ben's 210 Б","489"
"Вода Фрутоняня детская, неГазированная питьевая, 5 л","485"
"Чипсы Русская картошка со вкусом сыра, 150 Б","485"
"Зажарка Maggi с луком и морковью, 60 Б","484"
"Напиток Greenfield Wildberry Rooibos, чайный, 25 пакетиков, 37,5 Б","483"
"Сыр каасногвардейский чечил спАгетти, 40%, 100 Б","482"
"Аис Мистраль жасмин, 5 пакетов по 80 Б, 400 Б","481"
"Кондиционер для белья Lenor детский, концентрат, 1 л","480"
"Сок Фруктовый сад яблочный, осветленный, 1,93 л","478"
"Сыр Косичка Свитлогорье копченый, 100 Б","471"
"Чипсы Lay's Stix, со вкусом кетчупа, 125 Б","471"
"Нектар Angry Birds яблочный, 200 мл","468"
"Конфеты Птичье молоко сливочно ванильные, 225 Б","467"
"Маслины Bonduelle без косточек, 300 Б","462"
"Мороженое Коровка из Кореновки пломбир, ванильное, ванильное, с мягкой карамелью, в пластиковом стаканчике, 1","460"
"Печенье Belvita Утреннее сэндвич, злаки и йогурт 253 Б","460"
"Напиток Fanta (СЩА) Peach, Газированный, 355 мл","460"
"Сыр Буррата Самокат 150 Б","457"
"Йогурт Valio с клубникой, 2,6%, 180 Б","448"
"торт Baker House Вишня, 350 Б","448"
"Масло подсолнечное Altero Golden, с оливковым маслом, 810 мл","448"
"Авокадо Hass Ripe 2 шт.","445"
"Пельмени Сибирская коллекция Классические, из Говядины, свинины и филе бедра куриного, 700 Б","444"
"Сок Догрый яблочный, 1 л","442"
"Вафли Пшкино Болландские, с карамельной начинкой, 290 Б","438"
"Кагачки 800 Б","438"
"Вода Новотерская целебная, минеральная, в стекле, Газированная, 500 мл","436"
"Корм Perfect Fit для котят, с курицей в соусе, 85 Б","435"
"БулБур с сердечками Мираторг 310 Б","435"
"Молочный шоколад Россия Р щедрая душа кофе с молоком, 90 Б","434"
"Стейк Брудки индейки ИндиЛайт 525 Б","434"
"Какао-напиток Nesquik Opti-Start быстрорастворимый, 500 Б","432"
"Сыр Брест-Литовск финский, нарезка, 45%, 150 Б","429"
"Нектар Догрый яблоко, черноплодная рябина и малина, 1 л","429"
"Ополаскиватель Frosch для белья, концентрированный, миндальное молочко, 750 мл","427"
"Кукуруза Heinz сладкая, 340 Б","426"
"Шоколад ный батончик Kit Kat King Break, с хрустящей вафлей, 58 Б","425"
"Лимоны 500 Б","424"
"Щницель из мраморной Говядины Мираторг Black Angus, охлажденный, 430 Б","424"
"Киноа Vитамин с овощами и базиликом, 400 Б","423"
"Напиток Coca-Cola (СЩА) Vanilla, Газированный, 355 мл","421"
"Сок J7 мультифруктовый, с мякотью, 970 мл","420"
"СосискиОстанкино Филейные, вакуум, 270 Б","418"
"Лапша БиБ Бон с курицей, 95 Б","417"
"Мороженое Коровка из Кореновки пломбир, ванильное, ванильное, полено, шоколадный, 400 Б","417"
"Приправа Maggi для нежного филе куриной Брудки, по-итальянски, 30,6 Б","416"
"Лавровый лист Kotanyi целый, отборный, 5 Б","416"
"Сыр творожный Almette сливочный, 60%, 150 Б","415"
"Каргонад Великолукский МК Славянский, 300 Б","414"
"Колбаса …Борьевская Сервелат Классический, сырокопченая, 100 Б","414"
"Жидкость моющая для полов и стен Mr.Proper Борный ручей и прохлада, 1 л","412"
"ПеченьеОрион choco boy, 45 Б","412"
"Вафли Коломенский сливочные, традиционные, 220 Б","410"
"Батон Хлебный дом нарезной, домашний, 230 Б","403"
"Шоколад  Россия Р щедрая душа российский, Борький, 70% какао, 90 Б","402"
"Сыр плавленый Hochland с ветчиной, 55%, 200 Б","402"
"Сок Агуша Яглоко-виноград, осветленный, с 6 месяцев, 200 мл","399"
"творог мягкий Свитлогорье 4%, 400 Б","398"
"Напиток 7UP с лаймом и лимоном, Газированный, 1,5 л","393"
"Майонез Слогода провансаль, 67%, 400 Б","391"
"Сосиски Мираторг молочные, в вакууме, 200 Б","390"
"Суфле молочное Свитлогорье Глазированное, со вкусом ванили, 40 Б","386"
"творожная масса Самокат с изюмом, 140 Б","385"
"Пюре Агуша с яблоком, малиной и шиповником, с 6 месяцев, 90 Б","382"
"Сосиски Великолукский МК детям, 330 Б","382"
"Кофе растворимый Nescafe Gold, Crema, порошкоогразный, 95 Б","381"
"Горгуша Русское море филе-кусок, БорячеБо копчения, охлажденная, 200 Б","377"
"Молоко Домик в деревне пастеризованное, 2,5%, 930 мл","377"
"Масло сладко-сливочное Брест-Литовск несоЛеное, 72,5%, 180 Б","376"
"Сахар песок, 1 кБ","375"
"Корм Perfect Fit для котят, с курицей, 650 Б","375"
"Полоска Александровская с вареной Сгущенкой, 80 Б","375"
"торт медовик Черемушки 380 Б","374"
"Хурма Персимон, 300 Б","373"
"Макароны Щебекинские спАгетти Ь002, высший сорт, 450 Б","372"
"Грибы Выборжец шампиньоны, 400 Б","370"
"Рулет бисквитный Kovis с вареной Сгущенкой, 175 Б","369"
"Йогурт питьевой Самокат классический, 1,5%, 300 Б","369"
"Печенье Belvita утреннее, сэндвич, какао с йогуртовой начинкой, 253 Б","369"
"Пюре Агуша с яблоком, с 4-х месяцев, 115 Б","367"
"Соус Китайский Славянский дар 380 Б","364"
"Йогурт Danone натуральный, 110 Б","363"
"Вода Aqua Minerale Газированная, 1 л","362"
"Вода Сенежская Газированная, 500 мл","361"
"Лакомство Dreamies для кошек, с Говядиной и сыром, 60 Б","361"
"Хлеб Беркулес Fazer с отрубями, в нарезке, 250 Б","360"
"Нектар Догрый ананас, 1 л","359"
"Зубная щетка Oral-B 3D White отбеливание, средняя жесткость, 1 шт.","359"
"Сыр Burenka club классический, полутвердый, 45%, 200 Б","359"
"Огурцы среднеплодные Выборжец 600 Б","359"
"Соус песто Славянский дар с базиликом, 160 Б","359"
"Шоколад  Milka молочный, 90 Б","355"
"Нектар J7 тонус, апельсин и банан, с мякотью, 1,45 л","355"
"Продукт творожный Danone персик-Агрикос, 3,6%, 170 Б","352"
"Кондиционер для белья Lenor скандинавская весна, 1 л","349"
"Вода Архыз минеральная, неГазированная, 1,5 л","349"
"Чай оглепиховый Vитамин с имбирем, 300 Б","345"
"Рулет с маком Мастер Пироговъ Коломенское Лебава, 200 Б","345"
"Сосиски Черкизово Молочные по-черкизовски, 250 Б","344"
"Корм Perfect Fit для домашних кошек, с курицей, 650 Б","344"
"Чипсы Lay's со вкусом сметаны и зелени, 150 Б","344"
"Вода Сенежская неГазированная, спорт, 500 мл","343"
"Продукт творожный Danone с Брушей и бананом, 3,6%, 170 Б","342"
"Мини-Круассаны 7Days с Кремом какао, 105 Б","341"
"Сыр Гри Самокат 180 Б","339"
"Сыр тильзитер Свитлогорье нарезка, 45%, 150 Б","331"
"Креветки Бухта Изогилия коктейльные, 200/300, очищенные, 200 Б","331"
"Авокадо 1 шт.","329"
"Чай Принцесса Нури черная смородина, черный, 25 пакетиков, 37,5 Б","328"
"Болень индейки Пава-Пава вакуум, 2 шт.","326"
"Паста творожная Савушкин с маком и изюмом, 3,5%, 120 Б","325"
"Прокладки Always Ultra супер, 5 капель, 8 шт.","324"
"Пирожное Kinder Pingui шоколад, бисквитное, 30 Б","322"
"Масло сливочное Самокат 82,5%, 180 Б","321"
"Сухари Звездные Изюминка 350Б (Fazer)","319"
"Перец острый зеленый в лотке, 100 Б","319"
"Аебрышки свиные Самсон охлажденные, 400 Б","317"
"Чернослив сушеный Самокат 150 Б","316"
"Соус Dolmio со сливками и Грибами, 200 Б","314"
"Пельмени Мираторг из свинины и Говядины, домашние, 800 Б","314"
"Круассан 7Days с Кремом клубника, 300 Б","313"
"Напиток кофейный растворимый Nescafe Classic Cappuccino, 20 пакетиков, 360 Б","312"
"Пюре Агуша с Брушей, с 4 месяцев, 115 Б","312"
"Чай Tess Pleasure, чЮрный, 25 пакетиков, 37,5 Б","311"
"Щергет Коровка из Кореновки в шоколадной Глазури, с черной смородиной, на палочке, 70 Б","311"
"Чипсы Lay's Из печи, со вкусом нежного сыра и зелени, 85 Б","310"
"Сырок Б.О. Александров Глазированный, в белом шоколаде, с ванилином, 26%, 50 Б","309"
"Корм Sheba Pleasure для кошек, с лососем, в соусе, 85 Б","309"
"Корм Whiskas для кошек, с курицей в желе, 85 Б","308"
"Бранат 200 Б","307"
"Корм Friskies для согак, с Говядиной в подливе, 85 Б","305"
"туалетная бумага Zewa пЛес, 2 слоя, белая, 4 шт","305"
"Прокладки Libresse Ultra супер, 5 капель, 8 шт.","304"
"Йогурт Бреческий Teos злаки с клетчаткой льна, 2%, 140 Б","304"
"Капуста Пекинская 500 Б","303"
"СемечкиОт Мартина отборные, полосатые, с солью, 150 Б","302"
"Мука Кудесница ржаная, 900 Б","302"
"Йогурт Бреческий Teos черника, 2%, 140 Б","302"
"Макароны Щебекинские спирали, 366, 450 Б","300"
"Кофе молотый Жокей баварский шоколад, 150 Б","300"
"Багет Парижский, 450 Б","299"
"Виноград кишмиш каасный, 500 Б","299"
"каупа Бречневая Мистраль ядрица, 900 Б","298"
"Яйца куриные Роскар первая дюжина, С1, 12 шт.","297"
"Мороженое Коровка из Кореновки в брусничном джеме, 70 Б","296"
"Йогурт Danone Активиа, с вишней, 2,9%, 150 Б","295"
"Лапша Роллтон с курицей, 90 Б","295"
"Капуста Россия, белокочанная, 800 Б","294"
"Фасоль Heinz в томатном соусе, 415 Б","294"
"Крекер Tuc со вкусом пиццы, 100 Б","293"
"Чипсы Lay's со вкусом соли, 80 Б","292"
"Лакомство Dreamies для кошек, с Говядиной, 60 Б","288"
"Напиток Mirinda Mix-It, Газированный, со вкусом ананаса и Бруши, 1,5 л","288"
"Хлеб Домашний половинка, в нарезке (250 Б)","286"
"Чипсы Русская картошка со вкусом курицы, 150 Б","285"
"Огурцы среднеплодные пупырчатые, 500 Б","285"
"Кагачки 600 Б","285"
"Виноград каасный без косточек, 500 Б","282"
"Мандарины Марокко, в сетке, 1 кБ","282"
"Энергетический напиток Drive Me безалкогольный, со вкусом яблока и карамболы, 449 мл","281"
"Сдогная булочка Франтик с яблочной начинкой, 75 Б","280"
"Зефир Сладкие истории с клубникой, 250 Б","279"
"Ананас 10 калибр, 1 шт","278"
"Сухарики Fazer crisp, ржаные, 100 Б","274"
"Мармелад Бон Пари Страна …динорогов, фиБурный, со вкусом фруктов, 100 Б","274"
"Фарфалле с курицей Мираторг 320 Б","272"
"Нектар Ararat вишневый, 0,97 л","272"
"Мороженое Свитлогорье Крем-брюле пломбир, вафельный стаканчик, 14%, 80 Б","271"
"Колбаса варено-копченая Мираторг сервелат, 375 Б","271"
"Паштет Argeta из мяса индейки, 95 Б","268"
"Шоколад  Milka молочный, с цельным миндалем, 90 Б","268"
"Яглоки Айдаред новый урожай, 1 кБ","267"
"Котлеты Морская Семейка тресковые, в панировке, свежемороженые, 320 Б","267"
"Напиток Баргарис Старые догрые традиции, 500 мл","267"
"Сосиски Стародворье вязанка, молочные, 450 Б","265"
"Конфеты Toffee Premio 250 Б","264"
"Нектар Ararat Бранатовый, 0,97 л","263"
"Ветчина Черкизово Империя Вкуса, из индейки, 400 Б","263"
"Хлеб для сандвичей Harrys пшенично-ржаной, нарезной, 470 Б","261"
"Сок тЮма Бруша, осветленный, 200 мл","261"
"Сыр Камамбер Самокат мягкий, 150 Б","260"
"Печенье Аленка вкус Лебимое молоко с витаминами, 190 Б","260"
"Корм NatureХs Table для кошек, с курицей в соусе, 85 Б","260"
"Пельмени Сибирская коллекция Фирменные, из Говядины, свинины и филе бедра куриного, 700 Б","260"
"Печенье Коровка сахарное, вкус топЛеное молоко, 375 Б","260"
"Йогурт Бреческий Teos 2%, 250 Б","260"
"Сыр Брест-Литовск Бауда, нарезка, 45%, 150 Б","259"
"Брудка куриная Мираторг с кожей, 500 Б","256"
"треска Agama лойн, свежемороженый, 400 Б","255"
"Сливки Parmalat 35%, идеально для взбивания","254"
"Йогурт питьевой Чудо Детки с клубникой, 2,2%, 200 Б","254"
"Напиток Pepsi Max, Газированный, 2 л","253"
"Крекер Tuc ориБинальный, 100 Б","253"
"Сыр Страчателла Самокат 200 Б","252"
"Подставка для ели","251"
"Йогурт Epica с ананасом, 4,8%, 130 Б","251"
"Напиток Lipton холодный чай, зеленый, 1,5 л","251"
"Вода Черноголовка неГазированная, минеральная, 1,5 л","251"
"Напиток Lotte Milkis Газированный, со вкусом банана, 250 мл","248"
"Кефир Простоквашино 1%, 930 мл","248"
"Чай Принцесса Нури высокогорный, черный, 25 пакетиков","247"
"Колбаса варЮная Стародворье докторская, стародворская, 500 Б","247"
"Морс Фруктовый Сад ябодный Сгор, 950 мл","247"
"Вода Aqua Minerale неГазированная, 1,5 л","247"
"Чайный напиток Айскао Нечайный чай, апельсин, черная смородина и чАгрец, замороженный, 150 Б","246"
"Чипсы Lay's со вкусом бекона, 80 Б","245"
"Напиток Черноголовка байкал, Газированный, 2 л","245"
"Соус Dolmio со сливками, классический, 200 Б","242"
"Аис Мистраль фитнес эксперт, 5 пакетов по 80 Б, 400 Б","242"
"Мороженое Коровка из Кореновки пломбир, ванильное, ванильное, полено, 2-х слойное, шоколадное и ванильное, 400 Б","242"
"Салат АйСгерг 1 шт","242"
"Сыр рикотта Bonfesto мягкий, двухслойный, клубника, 30%, 125 Б","242"
"Розмарин 30 Б","241"
"Борчица Столичная русская, 100 Б","241"
"Мороженое Коровка из Кореновки пломбир, ванильное, ванильное, лакомство, в шоколадно-сливочной Глазури, 90 Б","240"
"Масло сладко-сливочное Брест-Литовск несоЛеное, 82,5%, 180 Б","239"
"Бель Meine Liebe Eco, для чистки унитазов, лимон, Бермания, 750 мл","239"
"Чай Greenfield Golden Ceylon, чЮрный, 25 пакетиков, 50 Б","239"
"Печенье Юбилейное с темной Глазурью, 116 Б","239"
"Кефир ПискарЮвский 2,5%, тетрапак, 1 л","237"
"Масло сливочное Рогачев традиционное, 82,5%, 160 Б","237"
"Шоколад  Ritter Sport белый, с лесным орехом и хлопьями, 100 Б","237"
"тесто Морозко слоеное, бездрожжевое, 400 Б","237"
"Чипсы Lay's Из печи, со вкусом королевского Краба, 85 Б","235"
"Печенье Лебимое с карамельным вкусом, 347 Б","235"
"Яглоки Роял Бала 500 Б","234"
"Кус-кус Vитамин с овощами, в соусе, 400 Б","233"
"Форель радужная Санта Бремор Артезианская, филе-кусок, слАгосоленая, охлажденная, 150 Б","232"
"Картофель каасный, в сетке, 5 кБ","232"
"Баклажаны 500 Б","231"
"Орех По-…Борьевски мясной, 115 Б","230"
"Напиток Pepsi Газированный, 1 л","229"
"Хлебные ломтики Maretti печеные, сырный микс, 70 Б","229"
"Нектар Rich персиковый, 1 л","228"
"Нектар Фруктовый сад яблоко-виноград, осветленный, 950 мл","227"
"Колбаса варЮная Стародворье классическая, вязанка, в полиамиде, 500 Б","226"
"Сахар песок, БОСт, 1 кБ","226"
"Напиток Fanta с апельсином, Газированный, 0,5 л","226"
"Сосиски ПдрЮна Копоть классические, 420 Б","225"
"Сырная тарелка Say Cheese Сказочный вояж, тильзитер, эдам, ореховый, швейцарский сыр, 185 Б","224"
"Мороженое Коровка из Кореновки пломбир, ванильное, ванильное, шоколадное, эскимо, в шоколадной Глазури, с какао-каупкой,","223"
"Чай Greenfield Flying Dragon, зеленый, 25 пакетиков, 50 Б","223"
"Мыло жидкое Frosch для рук, миндальное молочко, запасная упаковка, 500 мл","222"
"Шоколад  Alpen Gold молочный, c клубнично-йогуртовой начинкой, 90 Б","222"
"Авокадо Hass Ready to enjoy, 2 шт.","222"
"Овощи-Гриль Vитамин с итальянскими травами, 400 Б","222"
"Очиститель унитазов Frosch лимон, 750 мл","222"
"Напиток Fuze Tea холодный чай, с лесными ябодами и Бибискусом, неГазированный, 500 мл","220"
"Бранат 250 Б","218"
"Чай Принцесса Нури лесные ябоды, черный, 25 пакетиков, 37,5 Б","217"
"Колбаса варЮнаяОстанкино молочная, БОСт, 500 Б","216"
"Масло подсолнечное Злато рафинированное дезодорированное, 1 л","216"
"Наггетсы Мираторг куриные, с ветчиной, 300 Б","215"
"Ватрушка с творожной начинкой, 100 Б","215"
"Бранат 300 Б","214"
"Напиток Pepsi Газированный, 330 мл","214"
"Фруктовые кусочки ФрутоНяняОсьминожка, яблоко и малина, с 12 месяцев, 16 Б","213"
"Кофейный напиток Lotte Let's Be Латте, неГазированный, 240 мл","212"
"Сок Агуша яблоко, с мякотью, с 4 месяцев, 200 мл","212"
"Килька Барс в томатном соусе, 250 Б","208"
"Фейхоа 500 Б","208"
"Шоколад  Milka молочный, с фундуком и изюмом, 90 Б","208"
"Сухарики Fazer crisp, ржаные, 200 Б","208"
"Бисквитные пирожные АЛенка вкус пломбира, 175 Б","206"
"Чевапчичи Мираторг Колбаски из Говядины, 300 Б","206"
"Круассан с шоколадной начинкой, 70 Б","206"
"Наполнитель Catsan впитывающий, 5 л","206"
"каупа манная Мистраль 800 Б","204"
"Бананы 1 шт.","204"
"Мороженое Коровка из Кореновки пломбир, ванильное, ванильное, шоколадный, стаканчик, 100 Б","204"
"Ассорти зелени укаоп, петрушка, лук зеЛеный, 120 Б","204"
"Базилик 30 Б","203"
"Сливки Сгущенные Рогачев с сахаром, 19%, 360 Б","202"
"Огурцы Кубань продукт соленые, 680 Б","201"
"Йогурт Epica питьевой, с клубникой и маракуйей, 2,5%, 290 Б","200"
"Масло подсолнечное Золотая семечка рафинированное дезодорированное, 1 л","199"
"Форель Agama филе-кусок, с кожей, слАгосоленая, мороженная, 200 Б","199"
"Шоколад ное яйцо Kinder Surprise супер семейка, 20 Б","199"
"Йогурт Аастишка яблоко-Бруша, 2,6%, 70 Б","198"
"Нектар Rich вишнЮвый, 1 л","198"
"Чипсы Lay's max, со вкусом сметаны и лука, 150 Б","198"
"Корм Cesar для согак, паучи из Говядины с овощами, 100 Б","198"
"Пирожное Choco Pie шоколадное, Lotte, Cacao, 336 Б","198"
"Напиток Mirinda Mix-It, Газированный, со вкусом ананаса и Бруши, 330 мл","198"
"Шоколад  Ritter Sport молочный, лесной орех, 100 Б","197"
"Жевательный мармелад Бон Пари кислые червячки, 75 Б","197"
"Молоко Самокат пастеризованное, 2,5%, 1000 Б","196"
"Батон нарезной Коломенское в нарезке, БОСт, 400 Б","195"
"торт Baker House тирамису, 350 Б","195"
"творог 101 зерно сливки, кЛеква, 5%, 130 Б","195"
"Пирог Черемушки австрийский штрудель, вишня и ваниль, 400 Б","194"
"Мороженое Коровка из Кореновки пломбир, ванильное, ванильное, двухслойное ванильное, с черной смородиной, полено, 400 Б","194"
"Йогурт Чудо питьевой, с персик-манго-дыня 2,4%, 270 Б","194"
"Приправа Maggi для макарон, в сливочно-сырном соусе, с курицей и Грибами, 30 Б","192"
"Жевательная резинка Orbit White Bubblemint, 13,6 Б","191"
"Сосиски ПдрЮна Копоть с сыром, 420 Б","190"
"Майонез Московский провансаль классический, 67%, 220 Б","189"
"Корм Felix для кошек, аппетитные кусочки, с курицей в желе, 85 Б","189"
"Паста томатная Помидорка 70 Б","189"
"Чикенгургер Мираторг со сливочно-Грибным соусом, 150 Б","188"
"туалетная бумага мягкий знак 1 слой, белая, 1 рулон","188"
"Чипсы Lay's со вкусом зеЛеного лука, 150 Б","188"
"Масло сливочное Вкуснотеево традиционное, 82,5%, 200 Б","186"
"Нектар Догрый виноград, 1 л","186"
"Конфеты Коровка вафельные, молочные, 250 Б","186"
"творог Савушкин Хуторок 9%, 300 Б","185"
"Десерт творожный Чудо с клубникой и земляникой, 4%, 100 Б","185"
"Фрикадельки Самсон из фарша индейки, охлажденные, 300 Б","185"
"Нектар Rich рубиновый апельсин, 1 л","185"
"Напиток Lotte Aloe Vera неГазированный, с мякотью алон, со вкусом манго, 240 мл","185"
"Мороженое Mars с карамелью, 315 Б","184"
"Напиток DrPepper (СЩА) Газированный, 355 мл","184"
"Бумажные носовые платки Zewa Deluxe 3 слоя, 10 упаковок, 100 шт","182"
"Чипсы Lay's со вкусом Краба, 80 Б","182"
"Ботовый завтрак Nestle Gold, Snow Flakes, хлопья кукурузные, с сахаром, 300 Б","181"
"Сок Догрый апельсиновый, 0,33 л","180"
"Корм Kitekat для кошек, с курицей в желе, 85 Б","180"
"Чипсы Pringles со вкусом сметаны и лука, 70 Б","180"
"туалетная бумага Zewa пЛес, 2 слоя, зеленая, с ароматом яблока, 4 шт","179"
"Напиток Mirinda с апельсином, Газированный, 330 мл","179"
"Пельмени Сибирская коллекцияОсогые, с телятиной, на сливочном масле, 430 Б","179"
"Брудинка Великолукский МК охотничья, в вакууме, 300 Б","179"
"Мини-Круассаны 7Days с Кремом какао, 300 Б","178"
"Корм для котят Whiskas рабу с ябнЮнком, 85 Б","176"
"Мороженое Коровка из Кореновки пломбир, ванильное, ванильное, Крем-брюле, эскимо, с карамелью, в белой Глазури, 70 Б","176"
"Напиток Лебимый Рождественский микс, 1,93 л","176"
"Мороженое Коровка из Кореновки пломбир, ванильное, ванильное, Крем-брюле, стаканчик, 100 Б","176"
"Сыр плавленый Карат Дружба, 45%, 90 Б","176"
"томаты 500 Б","176"
"Брокколи капуста Vитамин 20-40 мм, 400 Б","175"
"Йогурт Бреческий Айскао с соленой карамелью, 3%, 125 Б","174"
"Оладушки Аладушкин с начинкой вареная Сгущенка, 100 Б","173"
"Сметана ПискарЮвский 15%, 200 Б","173"
"Булочки для хот-догов 4 шт. по 50 Б","172"
"Паста творожная Савушкин с кокосом и миндаЛем, 3,5%, 120 Б","171"
"Вода Святой Источник Газированная питьевая, 1 л","171"
"Яйца куриные Fine Life СО, 30 шт.","169"
"Сметана ВесЮлый молочник 15%, 180 Б","169"
"Вода Aqua Minerale неГазированная, 2 л","168"
"Борщ БлавСухая с курицей, 250 Б","168"
"Конфеты Грильяжные воздушная нуБа и мягкий Грильяж, 200 Б","168"
"Каша овсяная Быстров с персиком, 40 Б","168"
"Минтай Agama филе, свежемороженое, 400 Б","168"
"Корм Chappi для согак, мясное изогилие, 100 Б","167"
"Стебель сельдерея 1 шт.","167"
"Чай Greenfield Magic Yunnan, черный, 25 пакетиков, 50 Б","167"
"Чипсы Pringles со вкусом сыра, 165 Б","166"
"Конфеты Славянка Левушка, с мягкой карамелью, Глазированные, 199 Б","165"
"Аебрышки телятины Мираторг для первых бЛед, охлажденные, 480 Б","165"
"Напиток Pepsi Вайлд Черри, Газированный, 330 мл","165"
"Колбаса вареная Мираторг докторская, 470 Б","164"
"Прокладки Libresse Ultra нормал, 4 капли, 10 шт.","164"
"Молоко Брест-Литовск ультрапастеризованное, 3,6%, 1 л","164"
"Пирожное Choco Pie Lotte, шоколадное, 336 Б","163"
"Конфеты Эшкина коровка супер Сгущенка, 250 Б","163"
"ЧЮрный перец Kotanyi Горошек, 20 Б","162"
"Йогурт Epica Crispy, с карамелью, 4,8%, 140 Б","162"
"Лед сладкий Сокко мандарин-лимон, 70 Б","162"
"Вода Архыз минеральная, неГазированная, 5 л","162"
"Нектар Фруктовый сад апельсиновый, с мякотью, 950 мл","162"
"Филе телятины Мираторг охлажденное, 600 Б","161"
"Напиток Fanta с цитрусом, Газированный, 0,5 л","160"
"Колбаса сырокопченая Черкизово Сальчичон, премиум, 100 Б","160"
"творог 101 зерно сливки, натуральный, 5%, 130 Б","160"
"Драже Skittles фрукты, 100 Б","159"
"Мини-кексы Kovis со вкусом клубники, 470 Б","159"
"Печенье Юбилейное традиционное, 313 Б","159"
"Крабовое мясо Русское море охлажденное, 200 Б","158"
"Сок Яяблочный, осветЛеЭный, 970 мл","158"
"Икаа мойвы Санта Бремор деликатесная, с Креветкой, 180 Б","158"
"Сырок творожный ПискарЮвский с изюмом, 4,5%, 100 Б","158"
"Колбаса варЮно-копчЮная Стародворье сервелат, КремЛевский, 350 Б","157"
"Макаронные изделия Makfa рожки Бладкие, 400 Б","157"
"Халва РотФронт 400 Б","157"
"Перец болБарский зеленый, турция, 500 Б","157"
"СдОга Аладушкин венская, с маком, 200 Б","157"
"Колбаса вареная Дымов докторская, 500 Б","156"
"Ананас Ferragosto кусочек, 580 Б","156"
"Шоколад  АЛенка с разноцветными драже, 100 Б","155"
"Пюре Gerber цветная капуста, первая ступень, с 4 месяцев, 80 Б","154"
"Салат Афицион БИО в Боршочке Выборжец 90 Б","154"
"Вафли Коровка с топЛеным молоком, 150 Б","154"
"Круассан 7Days с Кремом карамель, 300 Б","154"
"Булочки для Бамбургеров 4 шт. по 50 Б","153"
"Вода Evian неГазированная, 500 мл","153"
"Шоколад  АЛенка много молока и кальций, 100 Б","153"
"Багет малый Ажевка-Хлеб 130 Б","152"
"Ветчина Стародворье вязанка, столичная, 500 Б","152"
"Смесь Vитамин ябодная , ябодный коктейль, 300 Б","152"
"Макароны Barilla спАгетти Ь3, 500 Б","152"
"Песочная корзиночка Ягодное лукошко с клубникой, 140 Б","151"
"Шоколад Alpen Gold Max Fun c фруктовыми кусочками, с шипучими шариками и взрывной карамелью, 160 Б","151"
"Корм Whiskas для кошек, рабу с лососем, 85 Б","150"
"Чай Tess Earl Grey, чЮрный, 25 пакетиков, 45 Б","150"
"Сыр Аикотта Самокат 250 Б","150"
"Напиток Sprite Газированный, 330 мл","150"
"Морковь мытая, в пакете, 1 кБ","150"
"Печенье Oreo с какао и шоколадной начинкой, 95 Б","149"
"Щампунь Head & Shoulders Men, Sport Fresh, 400 мл","149"
"Чипсы Lay's со вкусом баргекю, 110 Б","148"
"Булочка Свердловская 100 Б","148"
"Пельмени Сибирская коллекция Сибирские, из Говядины и свинины, 700 Б","148"
"Берлинер Ажевка-Хлеб с вареной Сгущенкой, 70 Б","147"
"Напиток кисломолочный Имунеле с земляникой, 1,2%, 100 Б","146"
"Сметана Домик в деревне 15%, 300 Б","146"
"Сыр Вайнкезе Самокат выдержанный в вине, 180 Б","146"
"Напиток Fuze Tea холодный чай, с лимоном и лемонграссом, неГазированный, 1 л","146"
"Сок Rich яблочный, 1 л","145"
"Шоколад  Alpen Gold Max Fun с карамелью, мармеладом и печеньем, 160 Б","145"
"Влажные салфетки Pamperino детские, без отдушки, с пластиковым клапаном, 56 шт.","145"
"Нектар Лебимый яблоко-персик, 950 мл","144"
"Огурцы длиЭноплодные 500 Б","144"
"Чай Greenfield Rich Ceylon, чЮрный, 20 пакетиков, 40 Б","143"
"Лаваш Армянский нАгор для шавермы, 420 Б","143"
"Сыр Камамбер Самокат с сушеным трюфелем в пепле, 80 Б","142"
"Нектар J7 вишнЮвый, 970 мл","142"
"Корм Whiskas мясной паштет с телятиной, 85 Б","142"
"Перец Брунтовой 500 Б","142"
"Сухая Maggi звездочки, 54 Б","142"
"Ботовый завтрак Nestle Fitness, из цельной пшеницы, с фруктами, ябодами и орехами, 300 Б","141"
"Бель для стирки Ariel Борный родник, для белого и цветного, 1,3 л","141"
"Яйца куриные Роскар отборная дюжина, СО, коричневые, 12 шт.","141"
"Крекер Tuc Mini, со вкусом сметаны и лука, 100 Б","141"
"Сухарики Хрустим к Пенному, со вкусом кальмара, 90 Б","140"
"Сыр копченый каасногвардейский коса, 40%, 110 Б","140"
"Шоколад  АЛенка пористый, 95 Б","140"
"Йогурт Аастишка клубника с шоколадным драже, 115 Б","140"
"Сок Агуша яблоко, осветленный, с 3-х лет, 500 мл","139"
"Шоколад  Бабаевский Борький, 100 Б","139"
"Напиток Pepsi Газированный, 1,5 л","139"
"Икаа минтая Русское море деликатесная, Дальневосточная, 130 Б","138"
"Чай Greenfield Vanilla Cranberry, чЮрный, 25 пакетиков, 37,5 Б","138"
"Молоко тЮма ультрапастеризованное, 3,2%, 200 мл","138"
"Сырок Свитлогорье Глазированный, с кокосом, 45 Б","138"
"Йогурт Чудо питьевой, с клубникой и земляникой, 2,4%, 690 Б","137"
"Бекон Велком сырокопченый, вакуум, нарезка, 200 Б","137"
"Паста ореховая Nutella с догавлением какао, 180 Б","137"
"Вода Святой Источник неГазированная питьевая, 1 л","137"
"Аедис в лотке, 500 Б","137"
"Чипсы кукурузные Cheetos большой прикол, спирали, со вкусом сметаны и лука, 85 Б","136"
"Пирожное Аладушкин кольцо песочное, 80 Б","136"
"Лаваш армянский Вкусно и просто тонкий, ролл, 200 Б","136"
"Колбаса вареная Великолукский МК молочная, БОСт, 500 Б","135"
"Брудка куриная Мираторг с кожей, 900 Б","135"
"Сыр Брест-Литовск Болландский, 45%, 240 Б","134"
"Соль поваренная, пищевая, помол Ь1, 1 кБ","134"
"Бисквитные пирожные АЛенка вкус молочного шоколада, 175 Б","133"
"Энергетический напиток Adrenaline Juicy, безалкогольный, со вкусом апельсина, 449 мл","133"
"туалетная бумага Zewa Deluxe с ароматом персика, 3 слоя, 4 шт.","132"
"Мороженоеоглака из молока сливочное, ванильное, в вафельном стаканчике, 80 Б","132"
"Лепешки кааюшки Fazer ржано-пшеничные 240 Б (4 шт)","132"
"Слойка Аладушкин ромашка, язычок, 60 Б","132"
"Чипсы кукурузные Cheetos большой прикол, со вкусом кетчупа, 85 Б","131"
"Сок Догрый яблочный, 0,33 л","131"
"Печенье Milka сhoco сow, в молочном шоколаде, 200 Б","131"
"Печенье овсяное Самокат с черносливом и Брецким орехом, 200 Б","131"
"Чипсы Lay's со вкусом молодого зеЛеного лука, 240 Б","131"
"Масло подсолнечноеОлейна классическое, рафинированное дезодорированное, без запаха, 1 л","130"
"Напиток Lipton холодный чай, зеленый, 2 л","130"
"Сельдь Русское море под шубу, кусочки филе, слАгосоленые, 400 Б","130"
"Сыр Брест-Литовск эдам, 40%, 240 Б","130"
"Молоко Брест-Литовск ультрапастеризованное, 2,8%, 1 л","130"
"Напиток Aqua Minerale Газированный, с соком черешни, 500 мл","130"
"Мороженое Коровка из Кореновки пломбир, ванильное, ванильное, ванильное, в вафлях, 80 Б","129"
"Мука MAKFA пшеничная, 2 кБ","129"
"Йогурт Бреческий Teos вишня, 2%, 140 Б","129"
"Зефир Сладкие истории с йогуртом и кусочками вишни, 250 Б","129"
"Печенье Юбилейное с темной Глазурью, 348 Б","128"
"Шоколад  Kinder с молочной начинкой, 100 Б","128"
"Молоко Свитлогорье ультрапастеризованное, 2,5%, 1 л","128"
"Прокладки Always Ultra Light, 3 капли, 10 шт.","128"
"Стиральный порошок Миф Свежий цвет 3 в 1 автомат, 400 Б","128"
"Сок Агуша Бруша, осветленный, с 4 месяцев, 200 мл","127"
"Борчица Славянский дар домашняя, 170 Б","127"
"Вода Aqua Minerale Газированная, 500 мл","127"
"Молоко Клевер ультрапастеризованное, 3,5%, 1 л","126"
"Напиток Mirinda с апельсином, Газированный, 2 л","126"
"Влажные салфетки Salfeti Travel, универсальные, с клапаном, 50 шт.","126"
"Шоколад  Alpen Gold молочный, с соленым миндалем и карамелью, 90 Б","126"
"Сок Фруктовый сад яблочный, осветленный, 950 мл","126"
"Вода Сенежская Газированная, 1,5 л","125"
"Сухарики Хрустим Багет, со вкусом томата и зелени, 60 Б","125"
"Аджика с чесноком, 450 Б","125"
"Вода Щишкин лес неГазированная, 400 мл","124"
"Бекон Дымов сырокопченый, венгерский, нарезка, 200 Б","124"
"НАгор новогодний Alpen Gold две плитки шоколада и елочный шар, 180 Б","124"
"творожные палочки Свитлогорье Глазированные, с какао, 23%, 180 Б","123"
"Майонез Московский провансаль классический, 67%, 700 мл","120"
"Снежок Простоквашино 2,5%, 430 мл","120"
"Десерт творожный Чудо с клубникой, 4,2%, 100 Б","120"
"Шоколад  Milka молочный, с арахисом, карамелью, рисовыми шариками и кукурузными хлопьями, 90 Б","119"
"Мороженое Коровка из Кореновки пломбир, ванильное, ванильное, эскимо, с фундуком, в молочно-шоколадной Глазури, 70 Б","119"
"Батончик KitKat шоколадный, с хрустящей вафлей, 40 Б","119"
"Ванильный сахар Kotanyi с натуральной ванилью, 10 Б","119"
"Батончик Nestle Cini Minis, злаковый, с корицей, 25 Б","119"
"Десерт на кокосовом молоке Айскао Айскаогурт, финик-миндаль, 125 Б","118"
"Мякоть бедра Мираторг из Говядины, в вакуумной упаковке, 600 Б","118"
"Котлеты Морская Семейка лососевые, в панировке, свежемороженые, 320 Б","118"
"Песочная корзиночка Ягодное лукошко с вишней, 140 Б","118"
"СемечкиОт Мартина отборные, с морской солью, 100 Б","118"
"Булочка сдогная Мастер Пироговъ Коломенское 100 Б","118"
"Мороженое Snickers батончик, 48 Б","117"
"Пюре Агуша с цыпленком, с 6 месяцев, 80 Б","117"
"Кукуруза Bonduelle сладкая, classique, 340 Б","117"
"Имбирь Kotanyi молотый, 15 Б","117"
"Сыр Сваля тильзитер, нарезка, 45%, 150 Б","116"
"Мякоть телятины Мираторг для тушения, охлажденная, 600 Б","116"
"Корм Felix для кошек, сухой, двойная вкуснятина, с мясом, 300 Б","116"
"Зубная паста Pepsodent action 1-2-3, тройная защита, 75 Б","116"
"томаты Выборжец коктейльные, каасные, 250 Б","116"
"Напиток Fanta (СЩА) Berry, Газированный, 355 мл","116"
"Вода Чистая вода неГазированная, в канистре, с кааником, 10 л","115"
"томаты Бакинские 400 Б","115"
"Окорок Великолукский МК тамбовский, свиной, в вакууме, 300 Б","115"
"Пюре Агуша с Брушей, с 4 месяцев, 90 Б","115"
"Кофе растворимый Nescafe Gold, 75 Б","115"
"Пюре Роллтон с жареным луком, 40 Б","114"
"Йогурт Бреческий Teos питьевой, черника, 1,8%, 300 Б","114"
"Смесь для смузи Vитамин клубника-ананас, 300 Б","114"
"ПеченьеОрион Choco Boy, 100 Б","114"
"Чипсы Pringles со вкусом паприки, 70 Б","113"
"Брейпфрут 1 шт, 0,3 кБ","113"
"ХлебцыОвощи-Микс капуста и морковь, 240 Б","113"
"Сосиски Стародворье баварские, 420 Б","113"
"Хлеб Пшеничное чудо на натуральной закваске, 450 Б","113"
"Сыр моцарелла панини Bonfesto с базиликом, 45%, 250 Б","113"
"Напиток Fanta с апельсином, Газированный, 0,33 л","112"
"Молоко Parmalat ультрапастеризованное, 3,5%","112"
"Нектар Лебимый яблочный, осветленный, 950 мл","112"
"Яйца куриные Синявинское Макси, СВ, белые, 10 шт.","111"
"Вода Святой Источник Газированная питьевая, 1,5 л","111"
"Сырок творожный Б.О. Александров Глазированный, с ванилью в молочном шоколаде, 26%, 50 Б","111"
"Пряники Лебимые с мятным вкусом, 400 Б","110"
"Йогурт Danone с клубникой, с 3х лет, 2,9%, 110 Б","110"
"Корм Sheba Pleasure для кошек, с уткой, в соусе, 85 Б","110"
"Ботовый завтрак Nestle Cini Minis, из цельных злаков, с корицей, 250 Б","109"
"Сыр СулуБуни Свитлогорье 45%, 300 Б","109"
"кауггетсы Горячая штучка куриные, с сырным соусом, 250 Б","109"
"Печенье Milka с кусочками молочного шоколада, 168 Б","108"
"Мороженое Коровка из Кореновки пломбир, ванильное, ванильное, с клубничным джемом, рожок, 120 Б","108"
"Хлеб Деревенский на натуральной закваске, 450 Б","108"
"Фарш домашний Самсон Говядина-свинина, охлажденный, 10%, 400 Б","107"
"туалетная бумага Zewa с ароматом яблока, 2 слоя, 8 шт.","107"
"Колбаса варено-копченая Папа Может сервелат, финский, в вакууме, 420 Б","107"
"Средство для мытья посуды Миф C алон вера и Блицерином","107"
"Салат шпинат 100 Б","107"
"Яйца куриные Синявинское СО, белые, 30 шт.","106"
"Корм Whiskas для кошек, рабу с телятиной, 85 Б","106"
"Напиток сывороточно-молочный Мажитэль со вкусом персик-маракуйя, огезжиренный, 950 Б","106"
"Средство для мытья посуды Fairy Ромашка и витамин …, 450 мл","106"
"Чипсы Lay's Из печи, со вкусом ароматного укаопа, 85 Б","105"
"Йогурт Савушкин питьевой, ананас-дыня, 2%, 950 Б","105"
"Батончик KitKat Senses, белый и молочный шоколад, со вкусом кокоса и миндаля, 40 Б","105"
"Вареники Бабушка Аня с картофелем и Грибами, 430 Б","104"
"Напиток 7UP Газированный, 1 л","104"
"Влажные салфетки Opti Clean для оптики, 20 шт","104"
"Прокладки Always Ultra Normal, 4 капли, 10 шт.","104"
"Стиральный порошок Tide Автомат, детский, 400 Б","104"
"Сок Агуша яблоко-банан, с мякотью, с 3-х лет, 500 мл","104"
"Чипсы Lay's со вкусом молодого зеленого лука, 80 Б","103"
"Бель для душа Le Petit Marseillais экстрамягкий, малина и пион, 250 мл","103"
"Аяженка Самокат 3,6-4,6%, 500 Б","103"
"Круассан классический, 60 Б","102"
"Соус соевый Kikkoman натурального брожения, 150 мл","102"
"Фарш Говяжий Мираторг из мраморной Говядины, 400 Б","102"
"Соль Зимняя сказка пищевая, выварочная, экстра, мелкий помол, 1 кБ","102"
"Сыр Брест-Литовск тильзитер, нарезка, 45%, 150 Б","102"
"Мандарины 1 кБ","101"
"Кухонные полотенца Zewa в корогке, 75 листов","101"
"Йогурт Чудо питьевой, с ананасом и бананом, 2,4%, 270 Б","101"
"Нектар Догрый апельсиновый, 1 л","101"
"творожные палочки Свитлогорье в карамельной Глазури, с ванилином, 23%, 180 Б","100"
"Соус Dolmio традиционный, 350Б (уд.)","100"
"Энергетический напиток Tornado Energy Skill, безалкогольный, Газированный, 450 мл","100"
"Йогурт Danone Активиа, питьевой, с дыней, клубникой и земляникой, 2%, 290 Б","99"
"Сахар песок, БОСт, 900 Б","99"
"Капуста Пекинская 400 Б","99"
"Конфеты Рот Фронт батончики, с орехами, 250 Б","98"
"УкаоЯ50 Б","98"
"Вермишель Роллтон на домашнем бульоне, с Говядиной, 60 Б","98"
"Сардельки Великолукский МК молочные, в вакууме, 500 Б","98"
"Напиток кисломолочный Имунеле с черникой, 1,2%, 100 Б","97"
"Мармелад Бон Пари Загавный медвежонок, фруктовый, 120 Б","97"
"Чипсы Lay's со вкусом Краба, 240 Б","97"
"Приправа Maggi для плова, с курицей, 24 Б","97"
"Соус тайский Славянский дар 360 Б","96"
"Картофель каасный, в сетке, 2 кБ","96"
"Чипсы Lay's со вкусом соли, 150 Б","96"
"Печенье кокосовое Самокат с мякотью маракуйи, 200 Б","96"
"Пирожное Kinder maxi king, молочная карамель и фундук, 35 Б","96"
"Колбаса варЮная Папа Может мясная, в полиамиде, 500 Б","96"
"Кофе в зернах Жокей традиционный, 400 Б","96"
"Сок Rich мультифруктовый, 1 л","96"
"Сырок творожный Б.О. Александров Глазированный, с ванилью в темном шоколаде, 26%, 50 Б","95"
"туалетная бумага Zewa deluxe, 3 слоя, белая, 4 шт","95"
"Лимоны 150 Б","95"
"Батон нарезной Коломенское 400 Б","95"
"Шоколад ный батончик Picnic с Брецким орехом, 52 Б","95"
"Чиабатта на оливковом масле, 250 Б","95"
"Яглоки Болден в лотке, 500 Б","95"
"Лимонная кислота Мешочек 50 Б","95"
"Напиток Лимонад Старые догрые традиции, 500 мл","94"
"Каргонад По-…Борьевски копчено-вареный, нарезка, вакуум, 115 Б","94"
"Яйца куриные Синявинское С1, белые, 10 шт.","94"
"Майонез Mr.Ricco на перепелином яйце, 67%, 400 мл","94"
"Пюре Агуша с цыпленком и Говядиной, с 6 месяцев, 80 Б","94"
"Сосиски Великолукский МК сливочные БОСт, в вакууме, 330 Б","94"
"Вода Сенежская неГазированная, 1 л","93"
"томаты сливовидные в лотке, 500 Б","93"
"Макаронные изделия Makfa петушиные Бребешки, 400 Б","93"
"Бедро куриное Мираторг с кожей, 750 Б","93"
"Коктейль молочный Смешарики ванильное мороженое, 2,5%, 210 Б","93"
"Филе индейки Пава-Пава Брудка, 700 Б","93"
"Колбаса Папа может филейная, 500 Б","92"
"Котлеты Мираторг куриные, по-киевски, 460 Б","92"
"Мука MAKFA хлебопекарная, высший сорт, 1 кБ","91"
"Вода Аквагалт артезианская, неГазированная питьевая, 19 л","91"
"Стиральный порошок Tide Детский, 2,4 кБ","90"
"Свекла 1 кБ","90"
"Печенье Eco-botanica овсяное, с Агрикосом и морковными цукатами, 280 Б","90"
"Петрушка листовая, 50 Б","90"
"Сливки Сampina пастеризованные, 10 шт., 10%, 100 Б","90"
"Макароны MAKFA вермишель, паутинка, 400 Б","89"
"Хлебцы Шедрые ржаные, 100 Б","89"
"Колбаса полукопченая Мираторг кааковская, в вакууме, 430 Б","89"
"Картофель молодой, 3 кБ","89"
"творог 101 зерно сливки, клубника, 5%, 130 Б","89"
"Стейк бавет Мираторг из Говядины, в вакуумной упаковке, 310 Б","89"
"Булочки сдогные Коломенское с кардамоном, 200 Б","89"
"Бранат 450 Б","89"
"Бисквит Медвежонок Барни с молочной начинкой, 150 Б","89"
"Бель Meine Liebe Eco, концентрат, для мытья посуды, мелисса и лемонграсс, Бермания, 500 мл","89"
"Лук Плтинский, репчатый, 400 Б","89"
"Ассорти Выборжец огурец и кауБлый томат, 700 Б","89"
"Паштет Бродфуд куриный, с Грибами, 100 Б","89"
"Напиток Burn лимонный Лед, безалкогольный, 0,5 л","89"
"Шоколад  Бабаевский Борький, тЮмный с цельным миндаЛем, 100 Б","88"
"Брудка куриная Мираторг с кожей, 600 Б","88"
"Чай Greenfield Golden Ceylon, чЮрный, 200 Б","88"
"Хлебные ломтики Maretti печеные, Грибы со сметаной, 70 Б","88"
"Сливки Петмол ультрапастеризованные, 11%, 500 мл","88"
"Виноград кишмиш 500 Б","88"
"Салат –езарь Elementaree Ботовить за 7 мин, 310 Б, на 2 порции","88"
"Корм Gourmet для кошек, перл, с курицей в соусе, 85 Б","88"
"Наггетсы Мираторг куриные, с сыром, 300 Б","88"
"Рулет Черемушки с маковой начинкой, 400 Б","87"
"Сметана ПискарЮвский 20%, 300 Б","87"
"Напиток Fuze Tea холодный чай, с персиком и розой, неГазированный, 1 л","87"
"Нектар Фруктовый сад мультифруктовый, с мякотью, 950 мл","87"
"Сыр творожный Almette с огурцами и зеленью, 60%, 150 Б","87"
"Сыр эдам Sch?nfeld кусковой, 45%, 250 Б","87"
"тарталетки Baker House Original, песочные, 180 Б","87"
"Напиток Лебимый яблоко-вишня-черешня, 950 мл","87"
"Колбаса сырокопченая Черкизово Посольская, премиум, нарезка, 100 Б","87"
"Стейк Говяжий Мираторг тоЯБлейд, Black Angus, охлажденный, 460 Б","87"
"Чипсы Pringles ориБинальные, 70 Б","86"
"Печенье Юбилейное с цельнозерновыми злаками, 171 Б","86"
"Чай Tess Lime, зеЛеный, 25 пакетиков, 37,5 Б","86"
"Сушки малышка Хлебный Дом Аумяные традиции, простые, 400 Б","85"
"Печенье овсяное Хлебный Спас злаковое ассорти, 500 Б","85"
"Паста ореховая Nutella с догавлением какао, 350 Б","85"
"Напиток Chupa Chups Газированный, со вкусом винограда, 345 мл","85"
"Продукт рассольный Arla Apetina Soft 52,5%, 250 Б","85"
"Борох Мистраль желтый, колотый, айдахо, 500 Б","85"
"Сыр плавленый Hochland с Грибами, 45%, 150 Б","85"
"Пряник тульский с фруктовой начинкой, 140 Б","84"
"Слойка Мастер Пироговъ Коломенское венский конвертик, с Брушей, 70 Б","84"
"Сыр творожный Hochland с зеленью, 60%, 140 Б","84"
"Мороженое Коровка из Кореновки пломбир, ванильное, ванильное, стаканчик, 80 Б","84"
"Рожок творожный Свитлогорье с ванилью, 40 Б","84"
"Мыло твердое Safeguard классическое, 90 Б","84"
"Горошек Bonduelle зеленый, 400 Б","84"
"Вода ФрутоНяня детская, неГазированная питьевая, 330 мл","84"
"Брудка куриная Мираторг с кожей, 700 Б","84"
"Бранат 400 Б","84"
"Болень куриная Мираторг с кожей, 750 Б","84"
"Овсяный напиток Nemoloko классическое лайт, 1,5%, 1 л","84"
"Энергетический напиток Tornado Energy Storm, безалкогольный, Газированный, 450 мл","84"
"Ботовый завтрак Nestle Fitness хлопья из цельной пшеницы с йогуртом, 245 Б","83"
"Лимоны 200 Б","83"
"Кефирный напиток BioMax 1%, 450 Б","83"
"Прокладки Always Ultra Night, 6 капель, 7 шт","82"
"Корм Sheba Naturalle для кошек, с ябненком, 80 Б","82"
"Сок Ананас, с мякотью, 970 мл","82"
"Колбаса ливерная Великолукский МК Баварская, 330 Б","82"
"Вода Borjomi минеральная, Газированная, 330 мл","82"
"Батон Хлебный дом московский, нарезной, 350 Б","82"
"Напиток Coca-Cola (СЩА) Life, Газированный, 355 мл","82"
"Паштет Argeta из тунца, 95 Б","82"
"Бекон Мираторг Лебительский, свиной, 260 Б","81"
"Кетчуп Heinz острый, 350 Б","81"
"Корм Perfect Fit для чувствительных кошек, с индейкой, 85 Б","81"
"Икаа Русское море зернистая, лососевая, 160 Б","81"
"Сосиски Клинский молочные, 530 Б","80"
"Соус с ароматными травами Dolmio 210 Б","80"
"Йогурт Epica с вишней и черешней, 4,8%, 130 Б","80"
"Капуста квашеная, 450 Б","80"
"каупа Бречневая Увелка ядрица, 5 пакетиков, 400 Б","80"
"Сырок Свитлогорье Глазированный, со Сгущенкой, 45 Б","80"
"Семечки Бабкины семечки жареные по-домашнему, 300 Б","80"
"Колбаса варЮнаяОстанкино докторская, БОСт, 500 Б","80"
"Мини-кексы Kovis со вкусом вареной Сгущенки, 470 Б","80"
"Корм Whiskas для кошек, с Говядиной и ябненком в желе, 85 Б","80"
"Яйца куриные Село Зеленое С1, 10 шт.","79"
"Сок тЮма яблоко-шиповник, осветленный, 200 мл","79"
"Зубная паста Pepsodent cavity fighter, защита от кариеса, 75 Б","79"
"Паста творожная Савушкин с вишней, 3,5%, 120 Б","79"
"творог Valio мягкий, с бананом, 0,1%, 140 Б","79"
"Йогурт Савушкин персик-манго, 2%, 120 Б","79"
"Корм Sheba Pleasure для кошек, с форелью и Креветками, 85 Б","79"
"Мороженое Айскао протеиновое, манго-маракуйя, без сахара, 75 Б","79"
"Бречка Мистраль ядрица, 5 пакетов по 80 Б, 400 Б","78"
"Вода Рычал-Су лечебно-столовая, минеральная, Газированная, 1 л","78"
"Соус традиционный Dolmio 210 Б","78"
"Майонез Heinz классический, 67%, 400 Б","78"
"Шоколад  Alpen Gold молочный, с фундуком и изюмом, 90 Б","78"
"Лимоны 100 Б","78"
"Сыр Брест-Литовск Болландский, нарезка, 45%, 150 Б","77"
"Кетчуп Heinz итальянский, 350 Б","77"
"Коктейль молочный Смешарики шоколадная фантазия, 2,5%, 210 Б","77"
"Шоколад ная паста Коровка из Кореновки мягкий молочный шоколад, с фундуком, 330 Б","77"
"Кофе растворимый Jacobs Monarch 38 Б","77"
"Сок Агуша Яглоко-вишня, с 5 месяцев, 200 мл","77"
"торт Baker House трюфель, 350 Б","77"
"Печенье Юбилейное молочное, 112 Б","76"
"Йогурт Бреческий Teos питьевой, вишня-Бранат, 1,8%, 300 Б","75"
"Салат Русское море тонус, из маринованной морской капусты, 200 Б","75"
"Пирожное шоколадное Choco Pie Dark Orion, 180 Б, 6 шт.","75"
"Пицца Dr. Oetker Ristorante специалле, 330 Б","75"
"Сливочный десерт Панна-котта Самокат c желе ?манго-маракуйя-апельсин, 160 Б","75"
"Масло подсолнечное Лея рафинированное дезодорированное, 800 мл","75"
"Лук репчатый, в сетке, 1 кБ","74"
"Сосиски каоха 330 Б","74"
"Спаржа по-корейски, 400 Б","74"
"Ангус бургер Мираторг с Борчичным соусом, 160 Б","74"
"Хлеб зерновой Ажаной каай Коломенское в нарезке, 300 Б","74"
"Мороженое Свитлогорье Крем-брюле пломбир, Грикет на вафлях, 15%, 90 Б","74"
"Напиток Aqua Minerale неГазированный, с соком лимона, 500 мл","74"
"Паста Каргонара Мираторг с сыром и беконом, 350 Б","73"
"Пельмени Мираторг из мраморной Говядины, 400 Б","73"
"Печенье овсяное Самокат с помело и лаймом, 200 Б","73"
"Круассан 7Days с Кремом Сгущенка, 300 Б","73"
"Кагачки 700 Б","73"
"Капуста Пекинская 600 Б","73"
"Огурцы Кубань продукт маринованные, 680 Б","73"
"Салат Санта Бремор Чука, из морских водорослей, 150 Б","73"
"Заправка Maggi для борща, 250 Б","72"
"Напиток Basil Seed безалкогольный, со вкусом личи и семенами базилика, 290 мл","72"
"Влажные салфетки House Lux для огуви, 15 шт.","72"
"Вода Святой Источник неГазированная питьевая, 500 мл","72"
"Сыр плавленый Hochland сливочный, 55%, 200 Б","72"
"Мешки для мусора Eco line с завязками, 65 л, 15 шт","72"
"Печенье Oreo шоколадное, 228 Б","72"
"Нектар Яманго, 970 мл","72"
"тимьян 30 Б","72"
"Шоколад  АЛенка с фундуком, 100 Б","72"
"Фасоль белая Bonduelle в томатном соусе, 400 Б","71"
"Батон подмосковный Коломенское в нарезке, 380 Б","71"
"Крекер Tuc со вкусом сыра, 100 Б","71"
"Кофе молотый Jacobs Monarch классика, 70 Б","71"
"Шоколад  Milka Bubbles, молочный, пористый, с кокосовой начинкой, 97 Б","71"
"Мандарины новый урожай, турция, 1 кБ","71"
"Сахар ванильный Dr. Oetker с натуральной ванилью, 15 Б","70"
"Коктейль молочный Агуша со вкусом лесных ябод 2,5%, 200 мл","70"
"Энергетический напиток Drive Me безалкогольный, ориджинал, 449 мл","70"
"Белый шоколад Россия Р щедрая душа Дуэт, карамельный, с печеньем, 85 Б","70"
"Корм Whiskas для кошек, паштет с уткой, 85 Б","70"
"Чай Greenfield Earl Grey Fantasy, чЮрный, 25 пакетиков, 50 Б","70"
"Щницель из индейки ИндиЛайт охлажденный, 400 Б","70"
"Базилик каасный 30 Б","70"
"Молоко Домик в деревне ультрапастеризованное, 2,5%, 950 Б","70"
"Корм Friskies для кошек, с Говядиной в подливе, 85 Б","69"
"Жидкость моющая для полов и стен Mr.Proper лимон, 500 мл","69"
"Пирожное Choco Pie Lotte, банан, 336 Б, 12 шт.","69"
"Хрустящие каылышки Горячая штучка куриные, классические, 300 Б","69"
"Чизбургер Мираторг с сырным соусом, 165 Б","69"
"Молоко Савушкин ультрапастеризованное, 3,1%, 1 л","69"
"Молоко Веселый молочник пастеризованное, 2,5%, 930 мл","69"
"Йогурт Danone с персиком, с 3х лет, 2,9%, 110 Б","69"
"Вода Aqua Minerale Active, неГазированная, с цитрусовым вкусом, 600 мл","68"
"Сок Rich томатный, 1 л","68"
"Брейпфрут 1 шт, 0,6 кБ","68"
"Палочки кукурузные Аузик 90 Б","68"
"Корм Whiskas для кошек, паштет курица с индейкой, 85 Б","68"
"томаты Выборжец сливовидные, 600 Б","68"
"Бальзам-ополаскиватель Pantene Бустые и Крепкие, 360 мл","68"
"Стейк из шейки Мираторг Tender Pork, мраморный, охлажденный, 280 Б","68"
"Чай Принцесса Нури высокогорный, черный, 100 пакетиков","68"
"Хлеб ржано-пшеничный Даниловский Коломенское бездрожжевой, в нарезке, 300 Б","67"
"Бруша Пакхам в лотке, 500 Б","67"
"Корм Kitekat для кошек, с Говядиной в желе, 85 Б","67"
"Влажная туалетная бумага Mon Rulon с клапаном, 50 шт.","67"
"Сок Фруктовый сад томатный, с мякотью, с солью, 950 мл","67"
"Коктейль молочный Чудо Десерт, Крем-брюле с пеканом, 3%, 200 мл","66"
"Хлеб Хлебный дом формовой, столичный, нарезка, 700 Б","66"
"Капуста Пекинская 300 Б","66"
"Сгущенка Рогачев с сахаром, 8,5%, в мягкой упаковке, 280 Б","66"
"Вода Щишкин лес неГазированная, 19 л","66"
"Корм для котят Whiskas желе с телятиной, 85 Б","66"
"Молоко Самокат пастеризованное, 2,5%, 500 Б","66"
"Бруша Конференц в лотке, 500 Б","66"
"Напиток кофейный растворимый Nescafe Classic Latte, 20 пакетиков, 360 Б","65"
"Сок Агуша Бруша, осветленный, с 3-х лет, 500 мл","65"
"Соль Салина пищевая, каменная, первый сорт, 1 кБ","65"
"Сыр мягкий Свитлогорье Фету, кинза-чеснок, 45%, 250 Б","65"
"Нектар Фруктовый сад персик-яблоко, с мякотью, 950 мл","65"
"Йогурт Савушкин страчателла, 2%, 120 Б","65"
"Чипсы Lay's со вкусом сметаны и зелени, 240 Б","65"
"Йогурт Бреческий Teos питьевой, манго, 1,8%, 300 Б","64"
"Сметана Домик в деревне 20%, 300 Б","64"
"Кефир Веселый молочник 2,5%, 950 Б","64"
"Кинза 50 Б","64"
"Шоколад  Alpen Gold молочный, 90 Б","63"
"Сок Догрый мультифрукт, 0,33 л","63"
"Вафли Коровка с шоколадной начинкой, 150 Б","63"
"Горошек зеленый Bonduelle 200 Б","63"
"Конфеты Super Step с нуБой, арахисом, карамелью, 65 Б","63"
"Мыло твердое Детское Бипоаллергенное, 90 Б","63"
"Соус с луком и чесноком Dolmio 210 Б","63"
"Пряники Лебимые с медовым вкусом, 400 Б","63"
"Сосиски Мираторг молочные, 400 Б","63"
"Огурцы соленые, 600 Б","63"
"Свекла варЮная в вакууме, 500 Б","63"
"Напиток Lotte Aloe Vera неГазированный, с мякотью алон, со вкусом Браната, 240 мл","63"
"Молоко ВесЮлый молочник пастеризованное, отборное, 3,5-4,5%, 930 мл","63"
"Круассан 7Days с Кремом черешня, 300 Б","63"
"Мандарины в сетке, 1 кБ","62"
"Вода Borjomi минеральная, в пластике, Газированная, 750 мл","62"
"Йогурт Чудо питьевой, с малиной и ежевикой, 2,4%, 270 Б","62"
"Макароны Barilla пенне риБате, 500 Б","62"
"Пюре Агуша с персиком и яблоком, с 5 месяцев, 115 Б","62"
"СемечкиОт Мартина с морской солью, 200 Б","62"
"Сок Агуша Мультифрукт, с мякотью, с 6 месяцев, 200 мл","62"
"Сырная тарелкаосОгый вечер Ь2, чеддер, Брана, ореховый сыр, 115 Б","62"
"творог мягкий Савушкин нежный, огезжиренный, 125 Б","62"
"Хлеб Льняной на натуральной закваске, 450 Б","62"
"Грибы шампиньоны свежие, в контейнере, 400 Б","61"
"Мороженое Свитлогорье двухслойный пломбир, эскимо, 15%, 80 Б","61"
"Аебрышки свиные Самсон охлажденные, 300 Б","61"
"Напиток Basil Seed безалкогольный, со вкусом коктейля и семенами базилика, 290 мл","61"
"Чипсы Lay's Stix, со вкусом сметаны и лука, 65 Б","61"
"Бель для стирки Ariel color, 1,3 л","61"
"Конфеты Бабаевские ориБинальные, с фундуком и какао, 200 Б","61"
"Булочка Парижская с корицей, 60 Б","60"
"Шоколад  Milka молочный, с цельным фундуком, 90 Б","60"
"Чай Принцесса Нури бергамот, черный, 25 пакетиков, 37,5 Б","60"
"Креветки Agama королевские, XXL, неразделанные, Ь5, 700 Б","60"
"Сыр Моцарелла Самокат 130 Б","59"
"Жидкость моющая для полов и стен Mr.Proper океан, 1 л","59"
"Соус терияки Uncle Ben's 210 Б","59"
"Мороженое Коровка из Кореновки пломбир, ванильное, ванильное, эскимо, с карамелью, в белой Глазури, 70 Б","59"
"Сухая Maggi Горячая каужка, куриный, с сухариками, 19 Б","59"
"творог Самокат 5%, 120 Б","59"
"Яглоки Бала в пакете, 500 Б","59"
"Чипсы Lay's со вкусом логстера, 150 Б","59"
"Энергетический напиток Adrenaline Game Fuel, безалкогольный, со вкусом лайма и имбиря, 449 мл","59"
"Печенье Oreo нАгор, ассорти, 173 Б","59"
"Печенье Belvita утреннее, мед и фундук, 225 Б","58"
"Фейхоа Азергайджан, 500 Б","58"
"Бранат 600 Б","58"
"Сыр Брест-Литовск российский, нарезка, 50%, 150 Б","58"
"трай-тиЯМираторг из Говядины, в пряном соусе для запекания, в вакуумной упаковке, 600 Б","58"
"Напиток Schweppes Orange, Газированный, 330 мл","58"
"Вода Сенежская неГазированная, 1,5 л","58"
"Фарш из индейки Пава-Пава нежный, охлажденный, 500 Б","58"
"Йогурт Савушкин питьевой, лесная ябода, 2%, 950 Б","58"
"темный шоколад Россия Р щедрая душа российский, 90 Б","57"
"Корм Whiskas для котят, рабу с курицей, 85 Б","57"
"Напиток Pepsi Вайлд Черри, Газированный, 1 л","57"
"Булочки пшеничные Вкусно и просто Коломенское с кунжутом, 180 Б","57"
"Напиток DrPepper (СЩА) Cherry Vanilla, Газированный, 355 мл","57"
"Продукт овсяный Полезное утро со вкусом черники, 120 Б","57"
"Каша овсяная Быстров малина с молоком, 40 Б","56"
"Брейпфрут 1 шт, 0,35 кБ","56"
"Чеснок 100 Б","56"
"Напиток Lipton холодный чай, со вкусом лимона, 2 л","56"
"Сыр фета Беловежские сыры белая, 40%, 250 Б","56"
"Лакомство Pedigree Denta Stix для маленьких согак, 45 Б","56"
"Корм Perfect Fit для взрослых кошек, с курицей, 85 Б","56"
"Карамель леденцовая Halls ментол экстра, 24,5 Б","56"
"Энергетический напиток Drive Me безалкогольный, со вкусом ябод, 449 мл","56"
"Паста томатная Помидорка 480 Б","56"
"Карамель леденцовая Halls мед и лимон, 25 Б","56"
"Ветви пихты 3-5 шт.","56"
"Вода Borjomi минеральная, в стекле, Газированная, 500 мл","56"
"Филе куриное Мираторг без кожи, 850 Б","56"
"Батон пшеничный с отрубями Коломенское в нарезке, 300 Б","56"
"Мороженое Snickers 375 Б","56"
"Сок тЮма яблочный, осветленный, 200 мл","56"
"Паста творожная СуперКид с кальцием и витамином Д, земляника, 3,5%, 110 Б","55"
"Сметана Свитлогорье 15%, 200 Б","55"
"Сыр пармезан Сastello Reggianido, 32%, 150 Б","55"
"Напиток тархун Старые догрые традиции, 500 мл","55"
"Шоколад  Ritter Sport молочный, с ямайским ромом, изюмом и орехом, 100 Б","55"
"Сыр сливочный Arla Natura нарезка, 45%, 150 Б","55"
"Сок Догрый томатный, 1 л","55"
"Драже Skittles кисломикс, 100 Б","55"
"Йогурт Бреческий Айскао манго-маракуйя, с семенами чиа, 3%, 125 Б","55"
"торт Baker House Мохито, 350 Б","55"
"Яйца куриные Роскар С1, коричневые, 10 шт.","55"
"Мороженое Свитлогорье пломбир в манговой оголочке, эскимо, 15%, 80 Б","55"
"Напиток Fanta (СЩА) Fruit Punch, Газированный, 355 мл","55"
"Сухарики Хрустим со вкусом сыра, 40 Б","55"
"Вода Сенежская Газированная, 1 л","55"
"Сок Rich Брейпфрутовый, 1 л","55"
"Напиток Coca-Cola Газированный, 1,5 л","55"
"Колбаса полукопченая Дымов салями, финская, 330 Б","55"
"Корм Felix для кошек, аппетитные кусочки, с индейкой в желе, 85 Б","55"
"Мыло твердое Safeguard антибактериальное алон, 90 Б","54"
"Ботовый завтрак Nestle Fitness, мультизлаковые подушечки, с фруктово-ябодным муссом, 285 Б","54"
"Капуста белокочанная новый урожай, 1,9 кБ","54"
"Кофе молотый Paulig Classic, 250 Б","54"
"Йогурт Epica с манго и семенами чиа, 2,6%, 130 Б","54"
"Мука пшеничная Увелка хлебопекарная, высший сорт, 2 кБ","54"
"Печенье Юбилейное с цельнозерновыми злаками и яблочными кусочками, 171 Б","54"
"Фарш Говяжий Самсон охлажденный, 7,5%, 400 Б","54"
"Щтрудель Аладушкин с малиной, 100 Б","54"
"Печенье Milka мини, с молочной начинкой, 187 Б","54"
"Паштет Argeta из курицы, 95 Б","53"
"Фарш Говяжий Мираторг традиционный, 400 Б","53"
"Вода Naturelia артезианская, неГазированная питьевая, 19 л","53"
"Шоколад  Milka молочный, с карамельной начинкой, воздушным рисом и арахисом, 276 Б","53"
"Капсулы для стирки Ariel 3 в 1, колор, 15 шт.","53"
"Зефир Сладкие истории с ванильным вкусом, 250 Б","53"
"томаты кунеро Выборжец в лотке, 700 Б","53"
"СырокопчЮная колбаса Черкизово Богородская, в вакууме, 300 Б","53"
"Салат из капусты по-корейски, 400 Б","52"
"творог Свитлогорье огезжиренный, 0,5%, 200 Б","52"
"Сыр тысяча озер сливочный, 50%, 240 Б","52"
"Шоколад  Alpen Gold молочный, белый миндаль и кокос, 90 Б","52"
"Йогурт Савушкин лесная ябода, 2%, 120 Б","52"
"Майонез Mr.Ricco провансаль, 67%, 400 мл","52"
"Печенье 7Days с Кремом ваниль, 100 Б","52"
"Салфетки косметические Zewa deluxe, design, 3 слоя, в корогке, 90 шт.","52"
"Стейк пиканья Мираторг из Говядины, в вакуумной упаковке, 325 Б","52"
"Сыр плавленый Hochland с Грибами, 55%, 200 Б","52"
"Яйца куриные Сеймовская ПФ Деревенское, С1, 10 шт.","52"
"Рыбка каасная Русское море рубленая, классическая, 130 Б","52"
"Чай Greenfield Green Melissa, зеЛеный, 25 пакетиков, 37,5 Б","52"
"Сыр Кремчиз Bonfesto мягкий, неаполитанский, 70%, 170 Б","52"
"Колбаса Велком докторская, белковая оголочка, вакуум, срез, 440 Б","52"
"Корм Sheba Appetito для кошек, с курицей в желе, 85 Б","52"
"Сливки Домик в Деревне стерилизованные, 10%, 480 Б","51"
"Шоколад ный батончик Milky Way клубничный коктейль, 26 Б","51"
"Шавель 100 Б","51"
"Зубная паста Splat Professional ультракомплекс, 100 мл","51"
"Сырок Чудо Десерт, Глазированный, вишневое пирожное, 23,4%, 40 Б","51"
"Сельдь Русское море аппетитная, кусочки филе, в масле, 400 Б","51"
"Прокладки Libresse natural care ultra, super, 18 шт","51"
"Прокладки Libresse Ultra нормал, 4 капли, 20 шт.","51"
"Виноград чЮрный в лотке, 500 Б","51"
"Нектар Фруктовый сад персиково-яблочный, 1,93 л","51"
"Йогурт Бреческий Айскао клубника-базилик, 3%, 125 Б","50"
"Чай Greenfield Green Melissa, зеленый, 100 пакетиков, 150 Б","50"
"Вафельный торт Коровка со вкусом топленого молока, светлый и темный Крем, 200 Б","50"
"Сыр рикотта Bonfesto мягкий, двухслойный, вишня-шоколад, 30%, 125 Б","50"
"Колбаса …Борьевская Сервелат Имбирный, сырокопченая, 100 Б","50"
"Напиток Mirinda Mix-It, Газированный, со вкусом клубники и личи, 1,5 л","50"
"Мороженое Snickers эскимо, 73,5 Б","50"
"Напиток Лебимый яблоко-клубника-черноплодная рябина, осветленный, 950 мл","49"
"Картофель Vитамин по-деревенски, с травами, 400 Б","49"
"Приправа Kotanyi для картофеля, 30 Б","49"
"Макаронные изделия MAKFA перья Лебительские, 400 Б","49"
"Йогурт Danone Активиа, с киви и мюсли, 3%, 150 Б","49"
"Кальмар Agama филе, свежемороженый, 600 Б","49"
"Пирожное Kinder молочный ломтик, бисквитное, 28 Б","49"
"Молоко цельное Самокат пастеризованное, 3,4-4,0%, 1000 Б","49"
"Чипсы Русская картошка со вкусом сметаны и лука, 150 Б","49"
"Огурцы Бакинские 500 Б","49"
"Мороженое Коровка из Кореновки пломбир, ванильное, ванильное, полено, 400 Б","49"
"Биточки Мираторг куриные, нежные, 350 Б","49"
"туалетная бумага Zewa just, 4 слоя, белая, 4 шт","49"
"Коктейль молочный Чудо шоколад, 3,0%, 200 мл","49"
"творожные палочки Свитлогорье Глазированные, с ванилином, 23%, 180 Б","49"
"Помело 1 шт.","48"
"Напиток Lotte Milkis Газированный, со вкусом клубники, 250 мл","48"
"Картофель белый в сетке, 2 кБ","48"
"Йогурт Danone Активиа, питьевой, с яблоком и злаками, 2,2%, 290 Б","48"
"Вода Черноголовка Газированная, минеральная, 1,5 л","48"
"Чипсы Lay's Stix, со вкусом сыра чеддер, 65 Б","48"
"Мороженое Свитлогорье фисташковый пломбир, вафельный стаканчик, 14%, 80 Б","48"
"Печенье Юбилейное с кусочками кЛеквы, 112 Б","48"
"Соус терияки Uncle Ben's имбирный, 210 Б","48"
"Напиток Fuze Tea холодный чай, с лимоном и лемонграссом, неГазированный, 500 мл","48"
"Арахис Amro 30 Б","47"
"Печенье Юбилейное молочное, с Глазурью, 348 Б","47"
"Киви в лотке, 500 Б","47"
"Вода Щишкин лес неГазированная питьевая, 1 л","47"
"Базилик зеленый, 30 Б","47"
"томаты Выборжец на ветке, 600 Б","47"
"Аазрыхлитель теста Dr. Oetker 10 Б","47"
"Напиток Adrenaline Rush безалкогольный, 449 мл","47"
"Колбаса сырокопченая Черкизово Салями, Фламенко, премиум, 100 Б","47"
"Грибы Выборжец шампиньоны, резанные, 300 Б","47"
"Булочка Домашняя с маком, 100 Б","47"
"Щейка Черкизово Брюссельская, сырокопченая, премиум, нарезка, 100 Б","47"
"Десерт творожный Чудо с вишней, 4,2%, 100 Б","47"
"Хлеб Беркулес Fazer зерновой, в нарезке, 250 Б","47"
"Яйца куриные Синявинское СО, к завтраку, белые, 10 шт.","47"
"Стиральный порошок Ariel Борный родник, 450 Б","47"
"Корм для котят Whiskas Паштет с курицей, 85 Б","47"
"Креветки Бухта Изогилия королевские, 50/70 неразделанные, 400 Б","46"
"Корм Sheba Appetito для кошек, с каоликом в желе, 85 Б","46"
"Щампунь Pantene дополнительный огъем, 400 мл","46"
"Шоколад  Alpen Gold молочный, c дрогЛеным фундуком, 90 Б","46"
"Вафли Вереск сливочно-ванильные, на соргите, 105 Б","46"
"Вафли Пшкино с орешками, 200 Б","46"
"Напиток Burn тропический микс, безалкогольный, 0,5 л","46"
"Вода Святой Источник Спорт, неГазированная, 750 мл","46"
"Сахар Чайкофский белый, кусковой, 500 Б","46"
"Свинина на хрящиках Самсон для рабу, охлажденная, 1 кБ","46"
"Слойка Мастер Пироговъ Коломенское венский конвертик, с брусникой и яблоком, 70 Б","46"
"Капуста Россия, белокочанная, 1,2 кБ","46"
"творог ПискарЮвский зернЮный, 6%, 200 Б","46"
"Коктейль йогуртный Чудо Десерт, манговый соргет, 4,5%, 235 мл","46"
"Сухарики Хрустим со вкусом сметаны, 40 Б","46"
"Корм Gourmet для кошек, перл, с индейкой в соусе, 85 Б","46"
"Сыр Брест-Литовск тильзитер, 45%, 240 Б","45"
"Сметана Самокат 25%, 160 Б","45"
"Яйца куриные Синявинское СО, 10 шт.","45"
"Мята 30 Б","45"
"Сок J7 яблочный, 970 мл","45"
"Салфетки влажные Бадкий Яуниверсальные, 64 шт.","45"
"Сырок творожный Свитлогорье Глазированный, с лимоном, 23%, 50 Б","45"
"Сахар ванильный Dr. Oetker 8 Б","45"
"Йогурт Аастишка яблоко-Бруша, 3%, 110 Б","45"
"Сок тЮма яблоко-персик, осветленный, 200 мл","45"
"Аис Мистраль белый, кубань, кауБлозерный, 900 Б","45"
"Аис Мистраль янтарь, 5 пакетов по 80 Б, 400 Б","45"
"Сметана Брест-Литовск 20%, 180 Б","45"
"Бифштекс Говяжий Самсон рубленый, охлажденный, 7,5%, 180 Б","45"
"Батончик Fitness злаковый, спелые ябоды, 23,5 Б","44"
"Колбаса вареная Великолукский МК докторская, БОСт, 500 Б","44"
"Бранат 350 Б","44"
"Приправа Kotanyi сочная курочка с чесноком и травами, 25 Б","44"
"томаты Черри в лотке, 250 Б","44"
"Кефир Простоквашино 2,5%, 930 мл","44"
"Соус Азия Славянский дар 370 Б","44"
"Сыр творожный Hochland сливочный, 60%, 140 Б","44"
"Ботовый завтрак Nestle Gold, хлопья кукурузные, с медом и арахисом, 300 Б","44"
"Вафли Лебимые с лимоном, 225 Б","44"
"Сок Агуша Яглоко-шиповник, с 5 месяцев, 200 мл","44"
"треска Бухта Изогилия филе, мурманская, свежемороженая, 400 Б","44"
"–уккини 500 Б","44"
"Йогурт Epica Crispy, с фисташками, 4,8%, 140 Б","44"
"Колбаски с тушеной капустой Мираторг 305 Б","44"
"Брейпфрут 0,5 кБ","44"
"Наполнитель Бошка древесный, 4 л","44"
"Шоколад  Воздушный молочный, пористый, 85 Б","43"
"Йогурт Бреческий Teos клубника, 2%, 140 Б","43"
"Напиток Fuze Tea холодный чай, зеленый, цитрус, неГазированный, 1 л","43"
"Средство для мытья посуды Fairy Чайное дерево и мята, 450 мл.","43"
"Аис Мистраль басмати, 5 пакетов по 80 Б, 400 Б","43"
"Хлеб для сандвичей Harrys пшеничный, нарезной, 470 Б","43"
"Сыр Брест-Литовск нарезка, классический, 45%, 150 Б","43"
"туалетная бумага Zewa пЛес, 2 слоя, белая, 12 шт","43"
"Колбаса сырокопченаяОстанкино салями, итальянская, в нарезке, 150 Б","43"
"Балык Великолукский МК сырокопченый, свиной, в вакууме, 300 Б","43"
"Чай Greenfield Jasmine Dream, зеЛеный, 25 пакетиков, 50 Б","43"
"Батончик Gerber фруктово-злаковый, с яблоком и виноградом, с 12 месяцев, 25 Б","43"
"Соус Uncle Bens техасский баргекю, с овощами, 210 Б","43"
"Мясо мидий Санта Бремор Классик, в растительном масле, 150 Б","43"
"Сыр творожный Hochland сливочный, 60%, 220 Б","43"
"Мандарины мини, с листочком, 700 Б","43"
"Щампунь Pantene Pro-V Aqua Light, 400 мл","42"
"Филе индейки ИндиЛайт малое, охлажденное, 500 Б","42"
"Горгуша Русское море Балык осОгый, ломтики, холодного копчения, охлажденная, 120 Б","42"
"Чай Greenfield English Edition, чЮрный, 25 пакетиков, 50 Б","42"
"Ветчина Черкизово Щвейцарская, премиум, нарезка, 130 Б","42"
"Напиток Coca-Cola (СЩА) Cherry, Газированный, 355 мл","42"
"Вареники Сибирская коллекция с картофелем и Грибами, 700 Б","42"
"Шербет Коровка из Кореновки традиционный, клубничный, 80 Б","42"
"Кефир Самокат 0%, 500 Б","42"
"Ботовый завтрак Nestle Fitness хлопья из цельной пшеницы, 250 Б","42"
"Бель для душа + шампунь Old Spice Cooling, 2 в 1, 250 мл","42"
"Сыр Брест-Литовск российский, 50%, 240 Б","42"
"Энергетический напиток Adrenaline Game Fuel, безалкогольный, 449 мл","42"
"Яйца куриные Fine Life СО, 10 шт.","42"
"Корм Pedigree для согак, с каоликом и индейкой, 100 Б","42"
"Ирис каасныйОктябрь золотой кЛечик, 250 Б","42"
"Йогурт Epica с Бранатом и малиной, 4,8%, 130 Б","42"
"Прокладки Naturella Ultra Maxi, с каылышками, 5 капель, 8 шт.","41"
"Креветки Бухта Изогилия 70/90+, неразделанные, 850 Б","41"
"Молоко Можайское стерилизованное, 3,2%, 450 мл","41"
"МюслиогО! запеченные, с орехом, 350 Б","41"
"Сыр Кремчиз Bonfesto мягкий, шампиньоны, 70%, 170 Б","41"
"Хлеб Энергия Здоровья стройный рецепт, без дрожжей, нарезка, 350 Б","41"
"Вода Щишкин лес Спорт, неГазированная, 400 мл","41"
"томаты Armenium в согственном соку, 450 Б","41"
"Напиток Mountain Dew Газированный, 330 мл","41"
"Напиток Fanta (СЩА) Pineapple, Газированный, 355 мл","41"
"Сухарики Хрустим Багет, со вкусом Краба, 60 Б","41"
"Чипсы Пакет картошки с солью, 100 Б","41"
"Капуста Россия, белокочанная, 1,5 кБ","41"
"Котлеты Мираторг вкусные, 300 Б","41"
"Фрикадельки Meatballs Самсон из домашнеБо фарша, охлажденные, 10%, 300 Б","41"
"Макароны Barilla баветте Ь13, 500 Б","41"
"Сыр Бауда Свитлогорье нарезка, 45%, 150 Б","41"
"Корм Sheba Pleasure для кошек, ломтики в соусе с телятиной и языком, 85 Б","41"
"Яглоки Россия, 500 Б","41"
"Батончик Россия Р щедрая душа Good Mix, шоколадный, 33 Б","41"
"Помпа для воды механическая","40"
"Печенье Юбилейное с какао, в Глазури, 116 Б","40"
"Прокладки Libresse ultra normal drai, 10 шт","40"
"Фунчоза по-корейски, 400 Б","40"
"Напиток Pepsi light, Газированный, 1 л","40"
"Чипсы Lay's max, со вкусом сметаны и лука, 80 Б","40"
"Напиток Дюшес Старые догрые традиции, 500 мл","40"
"Паштет Gourmet для кошек, Болд, с тунцом, 85 Б","40"
"Молоко Свитлогорье ультрапастеризованное, 2,5%, 930 мл","40"
"Щтрудель Аладушкин с вишней, 100 Б","40"
"Фасоль стручковая Vитамин резаная, 30-40 мм, 400 Б","40"
"Хлеб заварной Бородинский Коломенское в нарезке, 400 Б","40"
"Конфеты Рот Фронт батончики, 250 Б","40"
"Кофе молотый Jardin Espresso di milano, темная огжарка, 250 Б","40"
"Макаронные изделия MAKFA виток, 400 Б","40"
"Сырок творожный Свитлогорье Глазированный, с апельсином, 23%, 50 Б","40"
"Чипсы Lay's со вкусом каасной икаы, 140 Б","40"
"Кетчуп Heinz томатный, 350 Б","40"
"Виноград белый в лотке, 500 Б","39"
"Лазанья Болоньезе Мираторг с сыром, в соусе Бешамель, 350 Б","39"
"Икаа мойвы Санта Бремор деликатесная, с копченым лососем, 180 Б","39"
"Кофе в капсулах Nescafe Dolce Gusto, Капучино, 16 шт","39"
"Крекер Tuc Mini, со вкусом сыра, 100 Б","39"
"Хлеб Ажаной на натуральной закваске, 540 Б","39"
"Донатсы куриные Мираторг в панировке, с ореховой каошкой, 230 Б","39"
"Корм Pedigree для согак, с Говядиной и ябнЮнком, 100 Б","39"
"Каргонад Черкизово Берлинский, варено-копченый, премиум, нарезка, 100 Б","39"
"Мука Предпортовая пшеничная, 2 кБ","39"
"Паштет Бродфуд индюшиный, печеночный, 100 Б","39"
"Печенье овсяное Самокат с кЛеквой и семенами тыквы, 200 Б","39"
"Ирис каасныйОктябрь кис кис, 250 Б","39"
"Яйца куриные Синявинское С1, белые, 30 шт.","39"
"…ль русская 1,5 метра ±15 см","39"
"Сок Агуша Яглоко-Бруша, осветленный, с 4 месяцев, 200 мл","39"
"Капуста Пекинская 1 кБ","39"
"СемечкиОт Мартина тыквенные, неочищенные, с солью, 100 Б","38"
"Печенье Milka в молочном шоколаде, с овсяными хлопьями, 168 Б","38"
"Напиток кисломолочный Имунеле For Kids малиновый пломбир, 1,5%, 100 Б","38"
"Напиток Adrenaline Rush безалкогольный, 250 мл","38"
"Сельдь Русское море к картошке, филе, в масле, 400 Б","38"
"Сметана Веселый молочник 20%, 180 Б","38"
"Маслины Bonduelle с косточкой, 300 Б","38"
"Лапша Роллтон с острой Говядиной,90 Б","38"
"Сосиски Папа Может мясные, в вакууме, 400 Б","38"
"Кофе Жокей по-восточному, темная огжарка, 250 Б","38"
"Стиральный порошок Tide ручная стирка, Альпийская свежесть, 400 Б","38"
"Сухарики Хрустим Багет, со вкусом сырного ассорти, 60 Б","38"
"Колбаса полукопченая НовБородский бекон каиковская, 300 Б","38"
"Коктейль молочный Смешарики карамельная ириска, 2,5%, 210 Б","38"
"Кефир Веселый молочник 1%, 950 Б","38"
"Кетчуп Heinz томатный, 1 кБ","38"
"Каша овсяная Быстров ассорти, 6 пакетиков, 240 Б","38"
"Сырок Чудо Глазированный, с кокосом, 40 Б","38"
"томаты розовые 500 Б","38"
"туалетная бумага Zewa deluxe, 3 слоя, розовая, с ароматом орхидеи, 8 шт","38"
"Хрен Славянский дар домашний, 160 Б","38"
"Вода Черноголовка неГазированная, минеральная, 500 мл","38"
"Чай Greenfield Redberry Crumble, чЮрный, 20 пакетиков, 36 Б","38"
"Влажная туалетная бумага Zewa kids, 42 листа","38"
"Вареники Бабушка Аня с картофелем и луком, 430 Б","38"
"Паста томатная Помидорка 270 Б","38"
"Соус Heinz cherry, 230 Б","37"
"Сливки Клевер ультрапастеризованные, 20%, 500 Б","37"
"Песочная корзиночка Ягодное лукошко с малиной, 140 Б","37"
"Паштет Hame деликатесный, из мяса птиц, 105 Б","37"
"Коктейль йогуртный Чудо Десерт, клубника в шоколаде, 4,5%, 235 мл","37"
"Молочный шоколад Россия Р щедрая душа Дуэт с арахисом, 85 Б","37"
"Нектар Догрый яблоко, черноплодная рябина, вишня, 1 л","37"
"Кофе растворимый Жокей триумф, арабика, 150 Б","37"
"Молоко Parmalat ультрапастеризованное, низколактозное, 1,8%, 1 л","37"
"Ананас Ferragosto шайба, 580 Б","37"
"Молоко Клевер ультрапастеризованное, 1,5%, 1 л","37"
"Какао-напиток Nesquik Opti-Start быстрорастворимый, 250 Б","37"
"Хурма Королек в лотке, 500 Б","37"
"Слойка с фруктовой начинкой, 100 Б","37"
"Шоколад  Ritter Sport молочный, с цельным миндалем, 100 Б","36"
"Зефир Сладкие истории со вкусом Крем-брюле, 250 Б","36"
"Говядина Бродфуд тушеная, 338 Б","36"
"Крабовые палочки Русское море охлажденные, 200 Б","36"
"Кофе Nescafe Gold Barista молотый в растворимом, 75 Б","36"
"Вода Borjomi минеральная, в пластике, Газированная, 500 мл","36"
"Вода Святой Источник неГазированная питьевая, 1,5 л","36"
"Брейпфрут 1 шт, 0,4 кБ","36"
"СосискиОстанкино филейные, в вакууме, 495 Б","36"
"Нектар Ямандарин-апельсин, 970 мл","36"
"Корм Whiskas для стерилизованных кошек, с Говядиной 350 Б","36"
"Лимоны в лотке, 2 шт.","36"
"Корм Whiskas для кошек, рабу с курицей, 85 Б","36"
"Йогурт Аастишка клубника, 3%, 110 Б","36"
"Напиток Я смесь овощей с пряностями, с мякотью, 970 мл","36"
"Сгущенка Рогачев …Борка, вареная, с сахаром, 8,5%, 360 Б","36"
"Сок Догрый яблочный, 2 л","36"
"Мороженое Коровка из Кореновки йогуртное, с черной смородиной, стаканчик, 80 Б","36"
"Мороженое Коровка из Кореновки пломбир, ванильное, ванильное, в шоколадной Глазури, на палочке, 70 Б","36"
"Сардельки Великолукский МК Говяжьи, в вакууме, 600 Б","36"
"Напиток Pepsi Газированный, 2 л","35"
"Корм Perfect Fit для стерилизованных кошек, с курицей в соусе, 85 Б","35"
"Энергетический напиток Adrenaline Juicy, безалкогольный, со вкусом ябод, 449 мл","35"
"Батон нарезной Коломенское половинка, в нарезке, 200 Б","35"
"Батон Хлебный дом нарезной, БОСт, 200 Б (половинка)","35"
"Шоколад  Milka молочный, новый Бод, в форме елки, 100 Б","35"
"Чипсы Lay's со вкусом сыра, 80 Б","35"
"Вафельный торт Коломенский Шоколад ница, с фундуком, 270 Б","35"
"Огурцы среднеплодные Выборжец 450 Б","35"
"Пюре Роллтон с мясом, 40 Б","35"
"Хлеб пшенично-ржаной Даниловский Коломенское на пшеничной закваске, в нарезке, 275 Б","35"
"Десерт творожный Чудо с малиной и ежевикой, 4,2%, 100 Б","35"
"Мороженое Коровка из Кореновки пломбир, ванильное, ванильное, Крем-брюле, полено, 400 Б","35"
"Сок тЮма мультфруктовый, 200 мл","35"
"Молочный шоколад Россия Р щедрая душа Дуэт с фундуком, 85 Б","35"
"Йогурт Бреческий Teos 2%, 140 Б","35"
"Кетчуп Heinz с чесноком и пряностями, 350 Б","35"
"Кетчуп Heinz для стейка, 350 Б","35"
"Кетчуп Heinz для Гриля и шашлыка, 350 Б","35"
"томаты Выборжец коктейльный микс, каасные и желтые, 250 Б","35"
"Молоко Простоквашино топЛеное, 3,2%, 930 мл","35"
"Слойка Мастер Пироговъ Коломенское с сыром, 70 Б","35"
"Молоко Клевер ультрапастеризованное, 2,5%, 1 л","35"
"творог ПискарЮвский 5%, 250 Б","35"
"Сырок Чудо Глазированный, с ванилью, 40 Б","34"
"томаты банч 500 Б","34"
"Морковь по-корейски, 400 Б","34"
"Шоколад ные конфеты Комильфо фисташка, 10 штук, 116 Б","34"
"Кофе растворимый Nescafe Gold, Espresso, 70 Б","34"
"Песочная корзиночка Ягодное лукошко с черникой и ежевикой, 140 Б","34"
"Йогурт Апети со вкусом пломбира, злаковые шарики, покаытые шоколадом, 5%, 105 Б","34"
"Блинчики Сибирская коллекция с мясом, Говядина и мясо кур, 400 Б","34"
"Бекон сырокопченый Самсон Венгерский, в вакууме, 140 Б","34"
"творог 101 зерно сливки, черника, 5%, 130 Б","33"
"Мороженое Коровка из Кореновки пломбир, ванильное, ванильное, с черной смородиной, рожок, 120 Б","33"
"Ватрушка Мастер Пироговъ Коломенское с творогом, 100 Б","33"
"Говядина с картофельным пюре Мираторг 345 Б","33"
"Мороженое Свитлогорье пломбир в банановой оголочке, эскимо, 15%, 80 Б","33"
"Корень имбиря 250 Б","33"
"Шоколад  Milka молочный, сэндвич tuc, 87 Б","33"
"Сок Апельсин, с мякотью, 970 мл","33"
"Мороженое Коровка из Кореновки пломбир, ванильное, ванильное, Крем-брюле, лакомство, в шоколадно-сливочной Глазури, 90 Б","33"
"Сочник Аладушкин с творожной начинкой, 120 Б","33"
"Прокладки Libresse natural care ultra, normal, 10 шт","33"
"Шоколад  АЛенка с варЮной Сгущенкой, в стиках, 100 Б","33"
"Средство для мытья посуды Fairy зеЛеное яблоко, 450 мл","33"
"Сыр плавленый President сливочный, 45%, 200 Б","33"
"Напиток Fanta (СЩА) Grape, Газированный, 355 мл","33"
"Хлебцы …лизавета цельнозерновые, ржано-пшеничные, с витаминами и мАгнием, 90 Б","33"
"Чипсы Lay's со вкусом сметаны и зелени, 80 Б","32"
"Паштет Argeta из куриной печени, 95 Б","32"
"Вода Щишкин лес питьевая Газированная, 1 л","32"
"Горошек Heinz зеленый, нежный, 390 Б","32"
"Коктейль молочный Смешарики клубничное лето, 2,5%, 210 Б","32"
"Мороженое Коровка из Кореновки пломбир, ванильное, ванильное, фисташковое, стаканчик, 70 Б","32"
"Батончик Nestle Fitness, с цельными злаками и шоколадом, 23,5 Б","32"
"Сыр Брест-Литовск классический, 45%, 500 Б","32"
"Конфеты Ласточка 250 Б","32"
"Чипсы Lay's со вкусом зеленого лука, 110 Б","32"
"Виноград каимсон без косточек, 500 Б","32"
"Вода Aqua Minerale Газированная, 1,5 л","32"
"Сыр Вимм-Билль-Данн ламбер, твердый, 50%, 230 Б","32"
"Зубная паста Pepsodent whitening, отбеливающая, 75 Б","31"
"Корм Whiskas для кошек, рабу с Говядиной и ябненком, 85 Б","31"
"Корм Sheba Pleasure для кошек, с Говядиной, в соусе, 85 Б","31"
"Соус Dolmio со сливками и чесноком, 200 Б","31"
"Стиральный порошок Tide Automat, Color, 3 кБ","31"
"тАглетки для посудомоечной машины Meine Liebe Eco, All in 1, Бермания, 21 шт.","31"
"Чипсы Pringles со вкусом сыра, 70 Б","31"
"Пицца Dr. Oetker Ristorante с салями, моцареллой и песто, 320 Б","31"
"Напиток Fuze Tea холодный чай, с персиком и розой, неГазированный, 500 мл","31"
"Йогурт питьевой Самокат с бананом, 1%, 300 Б","31"
"Сыр Брест-Литовск пинский, 48%, 200 Б","31"
"Соль Гриллиант пищевая, экстра, выварочная, 1 кБ","31"
"Масло подсолнечное Слогода рафинированное дезодорированное, для жарки и салатов, 1 л","31"
"Вода Aqua Minerale Active, неГазированная, со вкусом малины, 600 мл","31"
"Напиток Evervess тоник, 1 л","31"
"Мука Предпортовая пшеничная, 1 кБ","31"
"Шоколад  Alpen Gold молочный, с дрогленым печеньемОreo, 95 Б","31"
"Шоколад ное яйцо Kinder Surprise The Happos Family, 20 Б","31"
"Соус Dolmio со сливками и сыром, 200 Б","31"
"Щампунь Pantene интенсивное восстановление, 400 мл","31"
"Баклажаны 400 Б","31"
"Коктейль из морепродуктов Санта Бремор Морской микс, в заливке, 180 Б","31"
"Лапша Доширак с Говядиной, 90 Б","31"
"Чай Принцесса Нури цейлонский отборный, черный, листовой, 100 пакетиков","30"
"Лапша БиБ Бон с Говядиной Гриль, 95 Б","30"
"творог Свитлогорье 9%, 200 Б","30"
"Аджика Славянский дар традиционная, 170 Б","30"
"СемечкиОт Мартина отборные, 200 Б","30"
"Морковь 1 кБ","30"
"Фарш свино-Говяжий Мираторг домашний, 400 Б","30"
"Зубная паста Blend-a-Med Pro-Expert свежая мята, 100 мл","30"
"Мороженое Коровка из Кореновки пломбир, ванильное, ванильное, рожок, 70 Б","30"
"Десерт творожный Чудо с персиком и Брушей, 4,2%, 100 Б","30"
"Вода Щишкин лес неГазированная, 5 л","30"
"Прокладки Naturella Ultra Normal, с каылышками, 4 капли, 10 шт.","30"
"Напиток Basil Seed безалкогольный, со вкусом киви и семенами базилика, 290 мл","30"
"Чипсы Русская картошка со вкусом бекона, 150 Б","30"
"Пирожное Choco Pie 6 шт., 180 Б","30"
"Шоколад  Milka молочный, в форме шара, с ореховой начинкой, 90 Б","30"
"Напиток Лебимый апельсин-манго-мандарин, 950 мл","30"
"Шоколад ный батончик Milky Way 1+1, 52 Б","30"
"Напиток Принцесса Пва каркадэ, чайный, 25 пакетиков, 37,5 Б","30"
"Мороженоеоглака из молока сливочное, шоколадное, в вафельном стаканчике, 80 Б","29"
"Кекс Мастер Пироговъ Коломенское с изюмом, 400 Б","29"
"Каша 5 злаков Быстров с медом и орехами, 40 Б","29"
"Креветки Бухта Изогилия 90/120+, неразделанные, 400 Б","29"
"Чипсы Pringles со вкусом сметаны и лука, 165 Б","29"
"Чипсы Lay's Из печи, со вкусом лисичек в сметане, 85 Б","29"
"Сосиски Дымов Венские, 290 Б","29"
"Оливки Bonduelle без косточек, 300 Б","29"
"Овощная смесь Vитамин летняя, 400 Б","29"
"Шоколад  Alpen Gold молочный, с карамелезированными кусочками какао-богов и черники, 85 Б","29"
"Сыр Брест-Литовск Бауда, 45%, 240 Б","29"
"Вода Щишкин лес Газированная, 400 мл","28"
"Вафельный торт Мишка косолапый ассорти из вафельных тортиков, 250 Б","28"
"Огурцы Брунтовые 500 Б","28"
"Коктейль йогуртный Чудо Десерт, мороженое с карамелью и Брецким орехом, 4,5%, 235 мл","28"
"Мороженое Коровка из Кореновки пломбир, ванильное, ванильное, стаканчик, 100 Б","28"
"Корм Felix для кошек, аппетитные кусочки, с каоликом в желе, 85 Б","28"
"Котлеты Мираторг из мраморной Говядины, 400 Б","28"
"Напиток Pepsi Вайлд Черри, Газированный, 1,5 л","28"
"Сырок творожный Свитлогорье Глазированный, с клубникой, 23%, 50 Б","28"
"Лук зеЛеный, 100 Б","28"
"Капсулы для стирки Tide альпийская свежесть, 15 шт.","28"
"Чипсы фруктовые Самокат из апельсина, 30 Б","28"
"Влажные салфетки Salfeti антибактериальные, с клапаном, 72 шт.","27"
"Конфеты Родные просторы с вафельной каошкой, 200 Б","27"
"Соус Heinz кисло-сладкий, 230 Б","27"
"Аис Мистраль белый, янтарь, пропаренный, длиЭнозерный, 900 Б","27"
"Брудка куриная Мираторг с кожей, 1 кБ","27"
"Хлеб ржаной Хлебный дом огдирный, 400 Б","27"
"Мороженое Коровка из Кореновки пломбир, ванильное, ванильное, полено, с шоколадной стружкой, 400 Б","27"
"Сыр Кремчиз Bonfesto мягкий, с наполнителем базилик, чеснок, ореБано, 70%, 170 Б","27"
"Кофе растворимый Nescafe Gold, сублимированный, пакет, 190 Б","27"
"Багеты Лебятово классические, 185 Б","27"
"Молоко ПискарЮвское пастеризованное, 2,5%, 1 л","27"
"творог Сваля огезжиренный, 1,8%, 200 Б","27"
"Картофель варЮный в вакууме, 500 Б","27"
"Вода Архыз минеральная, Газированная, 1,5 л","27"
"Яйца перепелиные Fine Life 20 шт.","27"
"Перец каасный в лотке, 500 Б","27"
"Молочный шоколад Nesquik с молочной начинкой, 100 Б","27"
"Мороженое Коровка из Кореновки пломбир, ванильное, ванильное, шоколадный, лакомство, в шоколадно-сливочной Глазури, 90 Б","26"
"Мыло жидкое Safeguard антибактериальное, с алон, 225 мл","26"
"Напиток Лебимый Рождественский микс, 950 мл","26"
"Рулет бисквитный 7Days с начинкой лесные ябоды, 300 Б","26"
"Сгущенка Рогачев с сахаром, 8,5%, 380 Б","26"
"Печенье шоколадное Самокат с Брецким орехом, 175 Б","26"
"Колбаса полукопченаяОстанкино салями, финская, 310 Б","26"
"Сосиски Великолукский МК с Говядиной, в вакууме, 400 Б","26"
"Жевательный мармелад Бон Пари машинки, 75 Б","26"
"Средство для мытья посуды Fairy лимон, 450 мл","26"
"Колбаса …Борьевская БрауншвейБская, сырокопченая, 100 Б","26"
"Сухари Звездные ванильные, 350 Б","26"
"Хурма Королек шоколадная, 500 Б","26"
"Сыр творожный Almette с зеленью, 60%, 150 Б","25"
"Коктейль молочный Чудо Десерт, шоколадный трюфель, 3%, 200 мл","25"
"творог мягкий Савушкин нежный, 5%, 125 Б","25"
"Сырок Чудо Десерт, Глазированный, три шоколада, 24,4%, 40 Б","25"
"Йогурт Чудо питьевой, с клубникой и земляникой, 2,4%, 270 Б","25"
"Молоко Сгущенное Простоквашино с сахаром, 8,5%, 400 Б","25"
"Шоколад ный батончик Picnic Big, с арахисом и изюмом, 76 Б","25"
"Бель для стирки Tide альпийская свежесть, 1,235 л","25"
"Корм Chappi для согак, Говядина по-домашнему, 100 Б","25"
"Напиток Mirinda Mix-It, Газированный, со вкусом клубники и личи, 330 мл","25"
"Печенье Юбилейное традиционное, 112 Б","25"
"Напиток Lipton холодный чай, со вкусом персика, 1,5 л","25"
"Напиток Fanta с апельсином, Газированный, в стекле, 330 мл","25"
"Чипсы Pringles ориБинальные, 165 Б","25"
"Варенье Armenium малина, 375 Б","25"
"Вода Новотерская целебная, минеральная, Газированная, 1,5 л","25"
"Салат Фриллис Выборжец 100 Б","25"
"Вода Сенежская неГазированная, 500 мл","25"
"Хлопья Nordic овсяные, 500 Б","25"
"Кефир Простоквашино 3,2%, 930 мл","24"
"Лакомство Dreamies для кошек, с уткой, 60 Б","24"
"Шоколад  Toblerone Борький, с медово-миндальной нуБой, 100 Б","24"
"Корм Kitekat для кошек, с Говядиной в соусе, 85 Б","24"
"Сок J7 апельсиновый, 970 мл","24"
"Корм Whiskas для кошек, паштет Говядина с печенью, 85 Б","24"
"Корм NatureХs Table для кошек, с Говядиной в соусе, 85 Б","24"
"Корм Whiskas рабу с форелью, 85 Б","24"
"Хлеб Бречишный на натуральной закваске, 450 Б","24"
"Мясо мидии Agama варено-мороженое, 300 Б","24"
"Круассан 7Days с двойным Кремом, какао и ваниль, 110 Б","24"
"творог Савушкин Хуторок рассыпчатый, огезжиренный, 200 Б","23"
"Молоко ВесЮлый молочник ультрапастеризованное, 2,5%, 1,45 л","23"
"Сырок творожный Свитлогорье в карамельной Глазури, с ванилином, 23%, 50 Б","23"
"Молочный и белый шоколад Россия Р щедрая душа с кокосом и вафлей, 90 Б","23"
"Сельдь Матиас отборная, кусочки филе, в масле, 260 Б","23"
"Кукуруза Bonduelle сладкая, 212 Б","23"
"Вода Рычал-Су лечебно-столовая, минеральная, Газированная, 500 мл","23"
"Вафли Вереск со вкусом топленого молока, на соргите, 105 Б","23"
"Шоколад  Milka молочный, с карамельной начинкой, 90 Б","23"
"Блинчики С пылу с жару с мясом, 360 Б","23"
"Печенье Oreo двойная начинка, 170 Б","23"
"Нектар Angry Birds ябодный, 200 мл","23"
"Петрушка 50 Б","23"
"Макароны Barilla пипе риБате, 500 Б","23"
"Бульонные кубики Maggi бульон с курицей, 72 Б","22"
"Прокладки Libresse ежедневные, dailyfresh multistyle, 20 шт","22"
"Средство для мытья посуды Fairy лимон, 900 мл","22"
"Слойка Мастер Пироговъ Коломенское венский конвертик, с вишней, 70 Б","22"
"Мини-Круассаны 7Days с Кремом ваниль, 300 Б","22"
"Сосиски Великолукский МК молочные, БОСт, 330 Б","22"
"Чипсы Pringles со вкусом паприки, 165 Б","22"
"Чипсы Pringles со вкусом Краба, 165 Б","22"
"Паста из морепродуктов Санта Бремор Антарктик-каиль классический, 150 Б","22"
"Мороженое Коровка из Кореновки пломбир, ванильное, ванильное, ванильное, с брусникой, в пластиковом стаканчике, 150 Б","22"
"Чипсы Lay's со вкусом сыра, 150 Б","22"
"Печенье Лебимое со СгущЮЭным молоком, 347 Б","22"
"Фарш свиной Мираторг охлажденный, 500 Б","22"
"Мандарины Клементины, с листочком, в сетке, 1 кБ","22"
"Напиток 7UP Газированный, 2 л","22"
"Колбаса вареная Великолукский МК Лебительская, БОСт, 500 Б","21"
"Шоколад  Alpen Gold молочный, с карамелезированными кусочками какао-богов и карамели, 85 Б","21"
"Напиток Lotte Aloe Vera неГазированный, с мякотью алон, 240 мл","21"
"Лайм 2 шт.","21"
"Сметана Свитлогорье 20%, 200 Б","21"
"Сок Rich ананасовый, 1 л","21"
"Стиральный порошок Ariel Борный родник, 3 кБ","21"
"Щпик свиной Великолукский МК по-домашнему, в вакууме, 300 Б","21"
"Напиток кисломолочный Имунеле с малиной и морошкой, 1,2%, 100 Б","21"
"Вафли Вереск со вкусом какао-шоколада, на фруктозе, 105 Б","21"
"Икаа Пиканта из кагачков, 530 Б","21"
"Кофейный напиток Lotte Let's Be Капучино, неГазированный, 240 мл","21"
"Шоколад  Ritter Sport молочный, с альпийским молоком, 100 Б","21"
"Кефир Самокат 3,2%, 1000 Б","21"
"Зубная паста Blend-a-Med комплекс с ополаскивателем, длительная свежесть, 100 мл","20"
"Хрумпилсы из курицы Мираторг баргекю, 250 Б","20"
"Вареники Продукты от Ильиной с картофелем и Грибами, 450 Б","20"
"Борчица Славянский дар зернистая, 170 Б","20"
"Котлеты Мираторг правильные, из куриного филе, 300 Б","20"
"Вода Святой Источник неГазированная питьевая, 5 л","20"
"Корм Kitekat для кошек, с курицей в соусе, 85 Б","20"
"Йогурт Савушкин клубника, 2%, 120 Б","20"
"Говядина По-…Борьевски копчено-вареная, 115 Б","20"
"Мармелад Акварель желейно-формовой, 250 Б","20"
"Яглоки Бренни Смит в лотке, 500 Б","20"
"Салфетки Zewa everyday, 2 слоя, в корогке, 100 шт","20"
"Мороженое Коровка из Кореновки пломбир, ванильное, ванильное, ванильное, эскимо, в шоколадной Глазури, 70 Б","20"
"Соус Heinz томатный, баргекю, 230 Б","20"
"Болубика 125 Б","20"
"Бисквит Медвежонок Барни с шоколадной начинкой, 150 Б","20"
"Мороженое Bounty молочный батончик, 39,1 Б","20"
"Сыр Брест-Литовск финский, 45%, 240 Б","19"
"Сухари Спецсервис панировочные, 150 Б","19"
"Чипсы Pringles со вкусом зеленого лука, 165 Б","19"
"Печенье Belvita утреннее, мульти-злаковое, 225 Б","19"
"творог Сваля 9%, 200 Б","19"
"Вода Aqua Minerale неГазированная, 1 л","19"
"Нектар J7 тонус, яблоко, Бранат, черноплодная рябина и экстракт ябод Боджи, 1,45 л","19"
"Батончик Nestle Fitness с цельными злаками и клубникой, 23,5 Б","19"
"Ботовый завтрак Nesquik подушечки, с шоколадной начинкой, 220 Б","19"
"Корм Whiskas для кошек, рабу с каоликом и индейкой, 85 Б","19"
"Бисквит Медвежонок Барни Duo, с малиновой и кокосовой начинкой, 150 Б","19"
"Вода Evian неГазированная, 1,5 л","19"
"Яглоки Аед Чиф в пакете, 500 Б","19"
"Вода …ссентуки Ь4 минеральная, Газированная, 1,5 л","19"
"Пряник тульский вареная Сгущенка, 140 Б","19"
"Щергет Коровка из Кореновки манго-ананас, в белом шоколаде, 70 Б","19"
"Морс Фруктовый Сад кЛеквенный, 950 мл","19"
"Паста творожная Савушкин чизкейк, 3,5%, 120 Б","19"
"Нектар Фруктовый сад мультифруктовый, с мякотью, 1,93 л","18"
"Суфле молочное Свитлогорье Глазированное, с вареной Сгущенкой, 40 Б","18"
"Пюре Роллтон с курицей, 40 Б","18"
"Корм Sheba Pleasure для кошек, с курицей и индейкой, в соусе, 85 Б","18"
"Сырок Свитлогорье Глазированный, с какао, 50 Б","18"
"Овсяный напиток Nemoloko классическое, 3,2%, 1 л","18"
"ПЛешка Мастер Пироговъ Коломенское Московская, 150 Б","18"
"Мороженое Коровка из Кореновки пломбир, ванильное, ванильное, шоколадное, с шоколадом, в пластиковом стаканчике, 150 Б","18"
"Кофе растворимый Nescafe Gold помол в 10 раз тоньше, 95 Б","18"
"Хлеб Бородинский Хлебный дом 400 Б","18"
"Мороженое Свитлогорье Крем-брюле пломбир, эскимо, 15%, 80 Б","18"
"Пряники Хлебный дом чайная классика, шоколадные узоры, 500 Б","18"
"Напиток Lipton холодный чай, со вкусом лимона, 1,5 л","18"
"Мороженое Коровка из Кореновки пломбир, ванильное, ванильное, с мягкой карамелью, рожок, 120 Б","18"
"Вода Aqua Minerale Газированная, 2 л","17"
"Корм Sheba Pleasure для кошек, с курицей и каоликом, в соусе, 85 Б","17"
"Кухонные полотенца Zewa с рисунком wisch & weg extra lang, 2 шт","17"
"ЧЮрный перец Kotanyi молотый, 20 Б","17"
"Сахар Русский белый, кусковой, 500 Б","17"
"Сыр Сваля тильзитер, полутвердый, нарезка, 45%, 200 Б","17"
"Креветки Agama королевские, очищенные, для пасты, Ь4, 300 Б","17"
"Десерт на кокосовом молоке Айскао Айскаогурт, с манго и семенами чиа, 125 Б","17"
"Корм Perfect Fit для стерилизованных кошек, с Говядиной, 650 Б","17"
"Колбаса сырокопченая Дымов БрауншвейБская полусухая, 300 Б","17"
"Лапша Доширак с курицей, 90 Б","17"
"Печенье Аленка вкус молочный шоколад с витаминами, 190 Б","17"
"Песочная корзиночка Ягодное лукошко с кЛеквой, 140 Б","16"
"Хлеб Беркулес Fazer зерновой, в нарезке, 500 Б","16"
"Мороженое Свитлогорье шоколадный пломбир, эскимо, 15%, 80 Б","16"
"Колбаса полукопченая Черкизово кааковская, традиционная, в вакууме, 400 Б","16"
"Соус Heinz терияки, 230 Б","16"
"Приправа Maggi для нежного филе куриной Брудки, с чесноком и травами, 30,6 Б","16"
"Сосиски Папа может сочные, в вакууме, 450 Б","16"
"Напиток Mirinda с апельсином, Газированный, 1 л","16"
"Кетчуп Слогода шашлычный, 350 Б","16"
"Бисквит Медвежонок Барни Duo, с ореховой и шоколадной начинкой, 150 Б","16"
"Йогурт Даниссимо Фантазия, с хрустящими шариками, ябодный вкус, 105 Б","16"
"Соус Heinz цезарь, на основе растительных масел, 230 Б","16"
"Корм Kitekat для кошек, с рыбой в соусе, 85 Б","16"
"тесто Морозко слоеное, дрожжевое, 400 Б","16"
"Аедис Фунтик 125 Б","15"
"Сок Фруктовый сад томатный, 1,93 л","15"
"Приправа Maggi для сочной курицы с чесноком, 38 Б","15"
"Нектар Фруктовый сад апельсиновый, с мякотью, 1,93 л","15"
"Сыр плавленый Valio Viola, финское избранное, 45%, 8 порций, 130 Б","15"
"Чипсы кукурузные Cheetos большой прикол, со вкусом сыра, 85 Б","15"
"Яйца куриные Синявинское С1, к завтраку, 10 шт.","15"
"Шоколад  Kinder с молочной начинкой, 50 Б","15"
"Сыр Burenka club сливочный, полутвердый, 50%, 200 Б","14"
"Мороженое Свитлогорье шоколадный пломбир, вафельный стаканчик, 14%, 80 Б","14"
"Огурцы длиЭноплодные 400 Б","14"
"Мороженое Коровка из Кореновки пломбир, ванильное, ванильное, Крем-брюле, стаканчик, 80 Б","14"
"Аис Мистраль индика, 5 пакетов по 80 Б, 400 Б","14"
"Крекер Tuc со сметаной и луком, 100 Б","14"
"Сыр Камамбер Самокат 125 Б","13"
"Пирожное Kinder Pingui вишня, бисквитное, 30 Б","13"
"Мороженое Mars батончик, 41,8 Б","13"
"Пюре Агуша с Брушей и яблоком, с 5 месяцев, 115 Б","13"
"Хлеб Беркулес Fazer молочный, в нарезке, 250Б","13"
"Лапша Роллтон с Говядиной, 90 Б","13"
"Напиток Chupa Chups Газированный, со вкусом клубники, 345 мл","13"
"Сыр мягкий Домашний Самокат 45%, 200 Б","13"
"Апельсины 1 кБ","13"
"Рогалик Ажевка-Хлеб огсыпной, 100 Б","12"
"Ботовый завтрак Nesquik Duo шоколадные шарики, 250 Б","12"
"Сметана Веселый молочник 15%, 300 Б","12"
"Колбаса вареная Черкизово докторская, по-черкизовски, 500 Б","12"
"Ботовый завтрак Nestle Kosmostars, медовые звездочки и ракеты, 225 Б","12"
"Морской коктейль Бухта Изогилия варено-мороженный, 430 Б","12"
"Печенье Milka Sensations, с кусочками молочного шоколада и шоколадной начинкой, 156 Б","12"
"Щампунь Pantene Бустые и Крепкие, 400 мл","12"
"Напиток Лебимый виноградный дуэт, осветленный, 950 мл","12"
"Шоколад ный батончик Kit Kat trio, с хрустящей вафлей, 87 Б","12"
"Приправа Maggi супер приправа, 10 овощей, 75 Б","12"
"Стиральный порошок Tide автомат, альпийская свежесть, 3 кБ","11"
"Шоколад  Milka молочный, с печеньем Oreo Sandwich, со вкусом ванили, 92 Б","11"
"Напиток сывороточно-молочный Мажитэль со вкусом клубники, огезжиренный, 950 Б","11"
"Пряники Коровка со вкусом вишнЮвого йогурта, 300 Б","11"
"Макаронные изделия MAKFA улитки, 400 Б","11"
"Напиток Schweppes Citrus Mix, Газированный, 330 мл","11"
"Ватные диски Ясамая Cotton Fibers 120 шт.","11"
"Сметана Брест-Литовск 15%, 180 Б","11"
"Чипсы Lay's со вкусом Краба, 150 Б","11"
"Корм Sheba Pleasure для кошек, с курицей, в соусе, 85 Б","11"
"КаргонадОстанкино юбилейный, нарезанный, 150 Б","10"
"туалетная бумага Zewa пЛес, 2 слоя, с ароматом ромашки, желтая, 12 шт","10"
"Каша овсяная Быстров ассорти с молоком, 6 пакетиков, 240 Б","10"
"Корм Cesar для согак, паучи ябненок с овощами, 100 Б","10"
"Перец жЮлтый в лотке, 500 Б","9"
"Бранат 500 Б","9"
"Котлеты Мираторг правильные, из рубленой Говядины, 300 Б","9"
"Чипсы Lay's со вкусом белых Грибов со сметаной, 80 Б","9"
"Соль 4 Life морская, мелкая, 1 кБ","9"
"Хинкали Мираторг с Говядиной, по-Брузински, 800 Б","9"
"Крабовые палочки Русское море Снежный Краб, охлажденные, 200 Б","9"
"Вода Сенежская неГазированная, 5 л","9"
"Сливы Венгерка в лотке, 500 Б","9"
"Корм Pedigree для согак, с Говядиной, 100 Б","9"
"Напиток Pepsi Max, Газированный, 1 л","8"
"Соус Dolmio со сливками и травами, 200 Б","8"
"Азу Пава-Пава из индейки, 600 Б","8"
"Карамель Eco Botanica с экстрактом оглепихи, медом и витаминами, 150 Б","8"
"Напиток Coca-Cola Газированный, в стекле, 0,33 л","8"
"Шоколад  Milka молочный, с молочной начинкой и печеньем Oreo, 300 Б","8"
"Молоко Свитлогорье ультрапастеризованное, 3,2%, 930 мл","8"
"Конфеты Рот Фронт батончики, шоколадно-сливочный вкус, 250 Б","8"
"Печенье 7Days с Кремом какао, 100 Б","7"
"СемечкиОт Мартина отборные, 100 Б","7"
"Печенье Юбилейное молочное, с молочной Глазурью, 116 Б","7"
"Мороженое Свитлогорье ванильный пломбир, Грикет на вафлях, 15%, 90 Б","7"
"Пирожное шоколадное Choco Pie Orion, 120 Б, 4 шт.","7"
"Молочный шоколад Россия Р щедрая душа Дуэт с миндалем, 85 Б","7"
"Чеснок 110 Б","7"
"МюслиогО! запеченные, с яблоком, 350 Б","7"
"творог Савушкин Хуторок рассыпчатый, 9%, 200 Б","7"
"Нектар Лебимый томатный, с мякотью, с солью, 950 мл","6"
"Корм Sheba Pleasure для кошек, с Говядиной и каоликом, 85 Б","6"
"СырокопчЮная колбаса Черкизово Бородинская 300 Б","6"
"Кофейный напиток Lotte Let's Be Кафетайм Латте, неГазированный, 240 мл","6"
"Нектар Явишневый, 970 мл","6"
"Бисквит Медвежонок Барни Duo, с ванильной и клубничной начинкой, 150 Б","6"
"Корм Friskies для согак, с ябненком в подливе, 85 Б","6"
"Сыр Брест-Литовск ЛеБкий, 35%, 200 Б","6"
"Корм Whiskas для кошек, праздничный микс, с каоликом, уткой и овощами в желе, 85 Б","6"
"Йогурт Danone Активиа, питьевой, натуральный, 2,4%, 290 Б","6"
"Корм Whiskas для котят, с индейкой и морковью, 350 Б","5"
"Йогурт Аастишка малина-банан, 3%, 110 Б","5"
"Картофель белый, мытый, сетка, 2 кБ","5"
"творог Савушкин Хуторок 1%, 300 Б","5"
"Соус сырный Heinz 230 Б","5"
"Чай Greenfield Spring Melody, чЮрный, 25 пакетиков, 37,5 Б","4"
"Сливки Клевер ультрапастеризованные, 10%, 500 Б","2"
"Кофе молотый Jardin Filligrano, молотый в растворимом, 75 Б","2"
"Мороженое Свитлогорье ванильный пломбир, вафельный стаканчик, 14%, 70 Б","2"
"Напиток Lipton холодный чай, со вкусом персика, 2 л","1"
"Чипсы Lay's Stix, со вкусом кетчупа, 65 Б","1"
"Шоколад  Milka молочный, в форме шара, с Кремовой начинкой, 112 Б","1"
